id_componente,anio,mes,ftes
2,2022,1,0.2355
3,2022,1,0.8897
4,2022,1,0.3107
5,2022,1,1.6343
17,2022,1,0.3357
18,2022,1,1.6846
20,2022,1,0.574
22,2022,1,2.7912
24,2022,1,3.219
25,2022,1,0
28,2022,1,13.2637
30,2022,1,0.8608
31,2022,1,0.3
33,2022,1,1.5404
34,2022,1,0.2991
43,2022,1,1.7923
45,2022,1,1.7381
46,2022,1,0.2721
49,2022,1,1.6321
50,2022,1,9.8827
52,2022,1,0.3456
66,2022,1,0.1386
69,2022,1,0.8897
73,2022,1,3.8735
74,2022,1,1.8788
76,2022,1,1.3529
77,2022,1,0.3088
79,2022,1,0.012
80,2022,1,10.0265
82,2022,1,3.647
84,2022,1,3.9406
85,2022,1,0
88,2022,1,0.8124
89,2022,1,0
90,2022,1,0
91,2022,1,79.6563
92,2022,1,0.7061
93,2022,1,5.5343
95,2022,1,0
96,2022,1,3.3088
99,2022,1,0
100,2022,1,0
104,2022,1,3.3839
105,2022,1,3.5508
108,2022,1,0.9044
112,2022,1,0.6066
113,2022,1,0.2116
114,2022,1,0.1287
116,2022,1,15.51
119,2022,1,0.5074
122,2022,1,8.4551
125,2022,1,0.0013
136,2022,1,2.0221
137,2022,1,1.7097
138,2022,1,1.1331
139,2022,1,0.8824
142,2022,1,1.7502
145,2022,1,0
149,2022,1,1.9507
151,2022,1,0.0479
152,2022,1,2.7912
155,2022,1,0.8404
169,2022,1,0
170,2022,1,3.9842
177,2022,1,4.4672
178,2022,1,1.3787
204,2022,1,1.2536
206,2022,1,0.1444
212,2022,1,2.1612
216,2022,1,0.1157
218,2022,1,0.0037
226,2022,1,0
227,2022,1,0
228,2022,1,0
229,2022,1,13.227
233,2022,1,0.5585
258,2022,1,1.1949
263,2022,1,0.3235
269,2022,1,0
270,2022,1,0
271,2022,1,0
272,2022,1,0
274,2022,1,4.7
275,2022,1,0.1765
279,2022,1,0.011
280,2022,1,0
281,2022,1,0
282,2022,1,2.8793
283,2022,1,0.853
286,2022,1,0
287,2022,1,0
290,2022,1,6.0438
296,2022,1,0.002
297,2022,1,0.0022
298,2022,1,2.7412
304,2022,1,0.6031
307,2022,1,0.3105
311,2022,1,8.0475
314,2022,1,0.0029
315,2022,1,0.6029
316,2022,1,0.9652
317,2022,1,0.8538
319,2022,1,0.362
320,2022,1,5.2941
321,2022,1,4.396
323,2022,1,2.6882
326,2022,1,0
329,2022,1,0
330,2022,1,1.0653
332,2022,1,1.3784
333,2022,1,0.3299
335,2022,1,0.8165
336,2022,1,0.0511
340,2022,1,7.6538
342,2022,1,1.3622
346,2022,1,0.1845
347,2022,1,0.7286
348,2022,1,0.7259
349,2022,1,0
350,2022,1,0.2739
352,2022,1,2.5771
354,2022,1,0
355,2022,1,0.0397
356,2022,1,0.0539
363,2022,1,0.4143
364,2022,1,0
365,2022,1,1.0597
366,2022,1,1.3328
367,2022,1,0
369,2022,1,0
370,2022,1,0.7696
371,2022,1,0
372,2022,1,0
373,2022,1,0
374,2022,1,0
375,2022,1,0
376,2022,1,0
377,2022,1,0.0036
379,2022,1,0.2849
382,2022,1,0.8421
383,2022,1,0
384,2022,1,0.0033
385,2022,1,0.2805
386,2022,1,0.5063
388,2022,1,0.0692
389,2022,1,2.2585
390,2022,1,0.3383
391,2022,1,0.4988
392,2022,1,0.0288
393,2022,1,0.3369
394,2022,1,0.1471
395,2022,1,0.1946
396,2022,1,1.9037
399,2022,1,0
401,2022,1,1.7963
402,2022,1,2.078
403,2022,1,0.0684
404,2022,1,3.1796
406,2022,1,0.0001
407,2022,1,0.0001
408,2022,1,0.0006
409,2022,1,0.1936
410,2022,1,0.9878
411,2022,1,3.3027
412,2022,1,0
415,2022,1,2.6844
416,2022,1,0
417,2022,1,1.064
418,2022,1,1.9492
419,2022,1,3.3824
420,2022,1,1.2475
421,2022,1,3.6924
424,2022,1,2.0045
425,2022,1,0
426,2022,1,1.5614
428,2022,1,0.0864
429,2022,1,2.4545
430,2022,1,1.6703
431,2022,1,0.1904
432,2022,1,0.2771
434,2022,1,0
435,2022,1,0
436,2022,1,0.9008
437,2022,1,3.6709
438,2022,1,4.2831
439,2022,1,0.0158
441,2022,1,2.476
442,2022,1,0.9726
443,2022,1,2.2912
445,2022,1,0.0455
446,2022,1,0
447,2022,1,0.4516
448,2022,1,0.5344
449,2022,1,0.6783
450,2022,1,1.5636
452,2022,1,0.0394
455,2022,1,0
456,2022,1,0.0419
460,2022,1,0.0349
461,2022,1,0.0386
462,2022,1,0.1152
463,2022,1,0.1152
464,2022,1,0.6936
465,2022,1,0.7537
466,2022,1,0.0699
467,2022,1,2.1445
468,2022,1,0.0981
469,2022,1,1.0779
470,2022,1,0.2603
471,2022,1,0
472,2022,1,0.5471
473,2022,1,0.1348
474,2022,1,3.123
475,2022,1,4.3138
476,2022,1,0.0382
478,2022,1,3.4
479,2022,1,0.2078
480,2022,1,0
481,2022,1,0.0267
482,2022,1,0
483,2022,1,0
484,2022,1,7.9559
485,2022,1,1.4864
486,2022,1,0.7565
488,2022,1,0
489,2022,1,0.3504
490,2022,1,0
491,2022,1,5.6681
492,2022,1,0.0025
493,2022,1,1.4614
494,2022,1,0.0555
495,2022,1,0.4426
496,2022,1,0
497,2022,1,0.7444
498,2022,1,0
499,2022,1,1.367
500,2022,1,17.7806
501,2022,1,4.9997
502,2022,1,0.8608
503,2022,1,0.1563
507,2022,1,0.834
508,2022,1,24.1565
509,2022,1,1.8704
510,2022,1,0.6179
511,2022,1,7.7158
512,2022,1,0.1133
513,2022,1,0.1275
514,2022,1,0.1489
515,2022,1,0
516,2022,1,0
517,2022,1,0.127
518,2022,1,0
520,2022,1,0.0613
521,2022,1,0.0659
522,2022,1,0
523,2022,1,0
525,2022,1,0
526,2022,1,0.3947
527,2022,1,0.0901
528,2022,1,0
529,2022,1,0.0037
530,2022,1,0
531,2022,1,0
533,2022,1,0.0148
534,2022,1,0
2,2022,2,0.3483
3,2022,2,1.3346
4,2022,2,0.3482
5,2022,2,1.9697
17,2022,2,0.2714
18,2022,2,5.0144
20,2022,2,0.6368
22,2022,2,3.2283
24,2022,2,3.1666
25,2022,2,0
28,2022,2,16.8714
30,2022,2,0.3008
31,2022,2,0.4706
33,2022,2,1.5731
34,2022,2,0.3333
43,2022,2,1.9798
45,2022,2,2.746
46,2022,2,0.0328
49,2022,2,2.0052
50,2022,2,4.6902
52,2022,2,0.4926
66,2022,2,0.0865
69,2022,2,0.6194
73,2022,2,1.7019
74,2022,2,1.75
76,2022,2,1.5589
77,2022,2,0.3015
79,2022,2,0.0134
80,2022,2,9.8897
82,2022,2,4.2255
84,2022,2,4.1146
85,2022,2,0
88,2022,2,1.1032
89,2022,2,0
90,2022,2,0
91,2022,2,76.43
92,2022,2,0.7279
93,2022,2,7.5293
95,2022,2,0
96,2022,2,2.9853
99,2022,2,0
100,2022,2,0.0012
104,2022,2,2.9303
105,2022,2,3.8189
108,2022,2,0.9044
112,2022,2,0.9191
113,2022,2,0.1746
114,2022,2,0.1078
116,2022,2,22.4709
119,2022,2,0.7025
122,2022,2,8.9629
125,2022,2,0.0072
136,2022,2,1.0368
137,2022,2,1.3552
138,2022,2,1.6897
139,2022,2,1.4706
142,2022,2,1.8666
145,2022,2,0
149,2022,2,2.0985
151,2022,2,0.0836
152,2022,2,2.4279
155,2022,2,0.788
169,2022,2,0.0012
170,2022,2,5.34
177,2022,2,5.0557
178,2022,2,1.1213
204,2022,2,1.5861
206,2022,2,0.559
212,2022,2,3.2886
216,2022,2,0.1358
218,2022,2,0
226,2022,2,0
227,2022,2,0
228,2022,2,0.1862
229,2022,2,27.559
233,2022,2,0.4375
258,2022,2,1.1581
263,2022,2,1.286
269,2022,2,0
270,2022,2,0
271,2022,2,0
272,2022,2,0
274,2022,2,4.3619
275,2022,2,0.2721
279,2022,2,0
280,2022,2,0
281,2022,2,0
282,2022,2,4.7644
283,2022,2,1.9085
286,2022,2,0
287,2022,2,0
290,2022,2,3.5466
296,2022,2,0.0023
297,2022,2,0.0015
298,2022,2,2.625
304,2022,2,0.8771
307,2022,2,0.1589
311,2022,2,8.3724
314,2022,2,0.0059
315,2022,2,0.4044
316,2022,2,15.0681
317,2022,2,0.9181
319,2022,2,0.2912
320,2022,2,5.9147
321,2022,2,2.6081
323,2022,2,3.2138
326,2022,2,0
329,2022,2,10.7632
330,2022,2,1.1227
332,2022,2,1.2279
333,2022,2,1.3099
335,2022,2,1.3252
336,2022,2,0.9043
340,2022,2,7.7898
342,2022,2,1.2918
346,2022,2,0.0809
347,2022,2,0.53
348,2022,2,0.4401
349,2022,2,0
350,2022,2,0.0658
352,2022,2,2.8412
354,2022,2,0
355,2022,2,0.0044
356,2022,2,0.0588
363,2022,2,0.5254
364,2022,2,0
365,2022,2,0.8116
366,2022,2,0.5383
367,2022,2,0.0509
369,2022,2,0
370,2022,2,0
371,2022,2,0
372,2022,2,0
373,2022,2,0
374,2022,2,0
375,2022,2,0
376,2022,2,0
377,2022,2,0.0705
379,2022,2,0.3842
382,2022,2,0.8017
383,2022,2,0
384,2022,2,0.0024
385,2022,2,0.0007
386,2022,2,0.7033
388,2022,2,0.0699
389,2022,2,2.0721
390,2022,2,1.2753
391,2022,2,0.8321
392,2022,2,0.0717
393,2022,2,0.3145
394,2022,2,0.1949
395,2022,2,0.2392
396,2022,2,1.0897
399,2022,2,0
401,2022,2,1.8964
402,2022,2,1.9838
403,2022,2,0.0295
404,2022,2,3.3482
406,2022,2,0.0001
407,2022,2,0.0001
408,2022,2,0.0005
409,2022,2,0.2022
410,2022,2,0.8388
411,2022,2,3.6875
412,2022,2,0
415,2022,2,2.306
416,2022,2,0
417,2022,2,1.0061
418,2022,2,1.6383
419,2022,2,3.0699
420,2022,2,0.5196
421,2022,2,4.3359
424,2022,2,2.6905
425,2022,2,0
426,2022,2,1.5854
428,2022,2,0.0565
429,2022,2,2.2773
430,2022,2,2.3566
431,2022,2,0.1214
432,2022,2,0.3586
434,2022,2,0.2261
435,2022,2,0.0127
436,2022,2,0.8434
437,2022,2,2.7661
438,2022,2,1.3963
439,2022,2,0.285
441,2022,2,2.5721
442,2022,2,0.3139
443,2022,2,3.3514
445,2022,2,0.0463
446,2022,2,0
447,2022,2,0.5588
448,2022,2,0.6434
449,2022,2,0.6704
450,2022,2,1.463
452,2022,2,0.0378
455,2022,2,0
456,2022,2,0.0679
460,2022,2,0.0404
461,2022,2,0.0331
462,2022,2,0.1054
463,2022,2,0.1054
464,2022,2,0.6495
465,2022,2,0.6507
466,2022,2,0.0699
467,2022,2,1.2841
468,2022,2,0.1214
469,2022,2,1.127
470,2022,2,0.3201
471,2022,2,0
472,2022,2,0.5554
473,2022,2,0.1422
474,2022,2,3.1807
475,2022,2,4.8373
476,2022,2,0.0426
478,2022,2,3.531
479,2022,2,0.1377
480,2022,2,0
481,2022,2,0.0107
482,2022,2,0
483,2022,2,0
484,2022,2,9.1852
485,2022,2,1.4018
486,2022,2,0.3459
488,2022,2,0
489,2022,2,0.0703
490,2022,2,0
491,2022,2,5.6904
492,2022,2,0.0043
493,2022,2,0.8181
494,2022,2,0.8962
495,2022,2,0.2618
496,2022,2,1.4447
497,2022,2,0.8426
498,2022,2,0
499,2022,2,1.3433
500,2022,2,22.7879
501,2022,2,5.7899
502,2022,2,1.4206
503,2022,2,0.0683
507,2022,2,0.6299
508,2022,2,26.3383
509,2022,2,1.9478
510,2022,2,0.7582
511,2022,2,10.1946
512,2022,2,0.0959
513,2022,2,0.1103
514,2022,2,0.368
515,2022,2,0
516,2022,2,0
517,2022,2,0.1034
518,2022,2,0
520,2022,2,0.2249
521,2022,2,0.1378
522,2022,2,0
523,2022,2,0
525,2022,2,0
526,2022,2,1.5283
527,2022,2,0.0401
528,2022,2,0.0135
529,2022,2,0
530,2022,2,0
531,2022,2,0
533,2022,2,0.0905
534,2022,2,0.0515
2,2022,3,0.2362
3,2022,3,1.5775
4,2022,3,0.3873
5,2022,3,1.7559
17,2022,3,0.3209
18,2022,3,3.2578
20,2022,3,0.4064
22,2022,3,2.883
24,2022,3,3.5299
25,2022,3,0
28,2022,3,16.1614
30,2022,3,0.4463
31,2022,3,0.7937
33,2022,3,1.7678
34,2022,3,0.5659
43,2022,3,1.4138
45,2022,3,2.3294
46,2022,3,0.0383
49,2022,3,2.3272
50,2022,3,8.4399
52,2022,3,0.4011
66,2022,3,0.1268
69,2022,3,0.5154
73,2022,3,0.8472
74,2022,3,1.9118
76,2022,3,1.865
77,2022,3,0.3008
79,2022,3,0.0206
80,2022,3,9.7313
82,2022,3,3.7422
84,2022,3,3.9917
85,2022,3,0
88,2022,3,0.4737
89,2022,3,0
90,2022,3,0
91,2022,3,87.1706
92,2022,3,0.569
93,2022,3,6.9808
95,2022,3,0
96,2022,3,2.8476
99,2022,3,0
100,2022,3,0
104,2022,3,2.3513
105,2022,3,4.244
108,2022,3,1.0829
112,2022,3,0.635
113,2022,3,0.1212
114,2022,3,0.1326
116,2022,3,22.3913
119,2022,3,1.094
122,2022,3,27.8396
125,2022,3,0.009
136,2022,3,0.4345
137,2022,3,1.1341
138,2022,3,2.5749
139,2022,3,1.5508
142,2022,3,2.0273
145,2022,3,0
149,2022,3,1.8663
151,2022,3,0.0456
152,2022,3,2.1939
155,2022,3,0.8165
169,2022,3,0.0011
170,2022,3,4.2563
177,2022,3,5.3613
178,2022,3,1.4205
204,2022,3,0.7567
206,2022,3,0.7066
212,2022,3,5.3451
216,2022,3,0.1243
218,2022,3,0
226,2022,3,4.9937
227,2022,3,0
228,2022,3,0.8981
229,2022,3,19.3996
233,2022,3,0.6022
258,2022,3,0.6183
263,2022,3,2.3108
269,2022,3,0
270,2022,3,0
271,2022,3,0
272,2022,3,0
274,2022,3,4.2738
275,2022,3,0.1471
279,2022,3,0
280,2022,3,0
281,2022,3,0
282,2022,3,3.7454
283,2022,3,0.1911
286,2022,3,0
287,2022,3,0
290,2022,3,4.4984
296,2022,3,0.0009
297,2022,3,0.0007
298,2022,3,2.3308
304,2022,3,0.5569
307,2022,3,0.1059
311,2022,3,7.3965
314,2022,3,0.012
315,2022,3,0.3644
316,2022,3,5.0395
317,2022,3,0.932
319,2022,3,0.3088
320,2022,3,5.0802
321,2022,3,4.1932
323,2022,3,2.5864
326,2022,3,0
329,2022,3,0
330,2022,3,1.2034
332,2022,3,0.9175
333,2022,3,2.6101
335,2022,3,0.9748
336,2022,3,1.4252
340,2022,3,7.554
342,2022,3,1.2863
346,2022,3,0.1992
347,2022,3,0.7225
348,2022,3,0.6353
349,2022,3,0
350,2022,3,0.0076
352,2022,3,3.703
354,2022,3,0
355,2022,3,0.0307
356,2022,3,0.0646
363,2022,3,0.4537
364,2022,3,0
365,2022,3,0.9422
366,2022,3,0.7202
367,2022,3,0
369,2022,3,0
370,2022,3,0.0008
371,2022,3,0.0003
372,2022,3,0
373,2022,3,0.0005
374,2022,3,0
375,2022,3,0
376,2022,3,0
377,2022,3,0.0514
379,2022,3,0.3125
382,2022,3,0.9522
383,2022,3,0
384,2022,3,0.0005
385,2022,3,3.5454
386,2022,3,0.581
388,2022,3,0.076
389,2022,3,2.1941
390,2022,3,1.6227
391,2022,3,0.8816
392,2022,3,0
393,2022,3,0.3415
394,2022,3,0.1103
395,2022,3,0.2278
396,2022,3,1.0929
399,2022,3,0
401,2022,3,1.8881
402,2022,3,2.4461
403,2022,3,0.0358
404,2022,3,0.3223
406,2022,3,0.0002
407,2022,3,0.0001
408,2022,3,0.0005
409,2022,3,0.1939
410,2022,3,2.0316
411,2022,3,3.1584
412,2022,3,0
415,2022,3,1.9825
416,2022,3,0
417,2022,3,0.9844
418,2022,3,1.7257
419,2022,3,2.8625
420,2022,3,0.4189
421,2022,3,4.1381
424,2022,3,2.0637
425,2022,3,0
426,2022,3,1.6263
428,2022,3,0.0114
429,2022,3,2.3823
430,2022,3,4.7728
431,2022,3,0
432,2022,3,0.2994
434,2022,3,0.2189
435,2022,3,0
436,2022,3,0.8639
437,2022,3,2.6083
438,2022,3,0.0007
439,2022,3,0.2866
441,2022,3,1.9708
442,2022,3,0.1228
443,2022,3,2.2038
445,2022,3,0.0351
446,2022,3,0
447,2022,3,0.5064
448,2022,3,0.7175
449,2022,3,0.5809
450,2022,3,1.5146
452,2022,3,0.0435
455,2022,3,0
456,2022,3,0.0668
460,2022,3,0.0434
461,2022,3,0.0919
462,2022,3,0.1181
463,2022,3,0.1181
464,2022,3,0.6996
465,2022,3,0.635
466,2022,3,0.0869
467,2022,3,1.0915
468,2022,3,0.1481
469,2022,3,1.2899
470,2022,3,0.4508
471,2022,3,0
472,2022,3,1.0134
473,2022,3,0.1404
474,2022,3,1.8806
475,2022,3,3.5524
476,2022,3,0.0408
478,2022,3,0.5546
479,2022,3,0.0581
480,2022,3,0
481,2022,3,0
482,2022,3,0
483,2022,3,0
484,2022,3,9.2184
485,2022,3,1.4355
486,2022,3,0.2231
488,2022,3,0
489,2022,3,0.2729
490,2022,3,0.2423
491,2022,3,6.5152
492,2022,3,0.0006
493,2022,3,1.2317
494,2022,3,0.4456
495,2022,3,0.6649
496,2022,3,4.3911
497,2022,3,0.8895
498,2022,3,0
499,2022,3,1.2551
500,2022,3,17.8132
501,2022,3,5.9792
502,2022,3,1.2174
503,2022,3,0.1941
507,2022,3,0.6395
508,2022,3,26.5933
509,2022,3,2.5083
510,2022,3,0.8763
511,2022,3,11.0569
512,2022,3,0.0948
513,2022,3,0.2501
514,2022,3,0.5314
515,2022,3,0
516,2022,3,0
517,2022,3,0
518,2022,3,0
520,2022,3,1.1804
521,2022,3,0.255
522,2022,3,0.2333
523,2022,3,0
525,2022,3,0
526,2022,3,1.4225
527,2022,3,0
528,2022,3,0.0134
529,2022,3,0.2827
530,2022,3,0
531,2022,3,0.2203
533,2022,3,0.219
534,2022,3,0.0624
536,2022,3,0.179
537,2022,3,0
539,2022,3,0
2,2022,4,0.1522
3,2022,4,1.0526
4,2022,4,0.3716
5,2022,4,2.0222
17,2022,4,0.3682
18,2022,4,2.0859
20,2022,4,0.5769
22,2022,4,2.899
24,2022,4,3.1403
25,2022,4,0
28,2022,4,16.8928
30,2022,4,1.2317
31,2022,4,0.3795
33,2022,4,2.0552
34,2022,4,0.6709
43,2022,4,1.0004
45,2022,4,2.3842
46,2022,4,0.0279
49,2022,4,1.7317
50,2022,4,4.4339
52,2022,4,0.4257
66,2022,4,0.0954
69,2022,4,0
73,2022,4,0.5497
74,2022,4,2.0821
76,2022,4,1.7918
77,2022,4,0.3019
79,2022,4,0
80,2022,4,9.041
82,2022,4,4.3976
84,2022,4,3.8229
85,2022,4,0
88,2022,4,1.1087
89,2022,4,0
90,2022,4,0
91,2022,4,71.2838
92,2022,4,0.531
93,2022,4,6.7789
95,2022,4,0
96,2022,4,2.2214
99,2022,4,0
100,2022,4,0
104,2022,4,2.648
105,2022,4,4.3272
108,2022,4,1.0217
112,2022,4,0.7353
113,2022,4,0.152
114,2022,4,0.1354
116,2022,4,13.3799
119,2022,4,2.303
122,2022,4,10.1285
125,2022,4,0.0028
136,2022,4,0.954
137,2022,4,0.8584
138,2022,4,0.815
139,2022,4,1.8576
142,2022,4,2.4338
145,2022,4,0.0619
149,2022,4,1.7159
151,2022,4,0.042
152,2022,4,2.8498
155,2022,4,0.7538
169,2022,4,0
170,2022,4,3.4077
177,2022,4,4.9492
178,2022,4,1.1029
204,2022,4,0.4321
206,2022,4,0.0233
212,2022,4,5.9133
216,2022,4,0.1486
218,2022,4,0
226,2022,4,2.1854
227,2022,4,0
228,2022,4,0.0738
229,2022,4,14.7386
233,2022,4,0.4614
258,2022,4,0
263,2022,4,2.9845
269,2022,4,0.0031
270,2022,4,0.0023
271,2022,4,0.0012
272,2022,4,0.0019
274,2022,4,4.8422
275,2022,4,0.1548
279,2022,4,0
280,2022,4,0.0212
281,2022,4,0
282,2022,4,3.4314
283,2022,4,0.1637
286,2022,4,0
287,2022,4,0
290,2022,4,5.0541
296,2022,4,0.0019
297,2022,4,0.0012
298,2022,4,2.3236
304,2022,4,0.7873
307,2022,4,0.0011
311,2022,4,7.7052
314,2022,4,0.0139
315,2022,4,0.4025
316,2022,4,1.3563
317,2022,4,1.0865
319,2022,4,0.3378
320,2022,4,6.0402
321,2022,4,4.4163
323,2022,4,2.9605
326,2022,4,0
329,2022,4,0
330,2022,4,0.8928
332,2022,4,0.9336
333,2022,4,3.8063
335,2022,4,0.6899
336,2022,4,3.0999
340,2022,4,8.0314
342,2022,4,1.6334
346,2022,4,0.1715
347,2022,4,1.1449
348,2022,4,0.7223
349,2022,4,0
350,2022,4,0.7888
352,2022,4,3.6894
354,2022,4,0
355,2022,4,0
356,2022,4,0.0568
363,2022,4,0.3549
364,2022,4,0
365,2022,4,0.673
366,2022,4,0.7237
367,2022,4,0
369,2022,4,0
370,2022,4,0
371,2022,4,0
372,2022,4,0
373,2022,4,0
374,2022,4,0
375,2022,4,0
376,2022,4,0
377,2022,4,0.0583
379,2022,4,0.5399
382,2022,4,0.6794
383,2022,4,0
384,2022,4,0.0001
385,2022,4,2.9204
386,2022,4,0.5955
388,2022,4,0.0492
389,2022,4,2.2595
390,2022,4,1.456
391,2022,4,0.7952
392,2022,4,0.0193
393,2022,4,2.336
394,2022,4,0.1354
395,2022,4,0.3215
396,2022,4,1.0462
399,2022,4,0
401,2022,4,2.3838
402,2022,4,2.2013
403,2022,4,0.0104
404,2022,4,0
406,2022,4,0.0001
407,2022,4,0.0001
408,2022,4,0.0006
409,2022,4,0.178
410,2022,4,3.1734
411,2022,4,1.4487
412,2022,4,0
415,2022,4,0
416,2022,4,0
417,2022,4,1.0071
418,2022,4,1.8968
419,2022,4,2.9055
420,2022,4,0.1677
421,2022,4,4.5715
424,2022,4,1.1028
425,2022,4,0
426,2022,4,1.5366
428,2022,4,0.0755
429,2022,4,2.4815
430,2022,4,1.014
431,2022,4,0
432,2022,4,0.3203
434,2022,4,0.3464
435,2022,4,0
436,2022,4,0.839
437,2022,4,2.4664
438,2022,4,1.4528
439,2022,4,0.2058
441,2022,4,2.2222
442,2022,4,0.0259
443,2022,4,2.1124
445,2022,4,0.0271
446,2022,4,0
447,2022,4,0.4696
448,2022,4,0.7847
449,2022,4,0.5101
450,2022,4,1.8052
452,2022,4,0.05
455,2022,4,0
456,2022,4,0.0547
460,2022,4,0.0348
461,2022,4,0.0406
462,2022,4,0.0903
463,2022,4,0.0903
464,2022,4,0.6837
465,2022,4,0.5573
466,2022,4,0.0774
467,2022,4,0.7147
468,2022,4,0.1054
469,2022,4,6.2036
470,2022,4,0.2585
471,2022,4,0
472,2022,4,0.645
473,2022,4,0.1393
474,2022,4,0
475,2022,4,3.4109
476,2022,4,0.0452
478,2022,4,0.7372
479,2022,4,0.0001
480,2022,4,0
481,2022,4,0.4333
482,2022,4,0
483,2022,4,0
484,2022,4,9.9085
485,2022,4,0.714
486,2022,4,0.0571
488,2022,4,0
489,2022,4,0.3542
490,2022,4,0
491,2022,4,5.9973
492,2022,4,0.0013
493,2022,4,1.263
494,2022,4,0.1381
495,2022,4,0.7555
496,2022,4,2.5684
497,2022,4,0.8937
498,2022,4,0
499,2022,4,0
500,2022,4,15.9792
501,2022,4,6.8438
502,2022,4,0.7565
503,2022,4,0.1933
507,2022,4,0.8811
508,2022,4,32.4041
509,2022,4,2.1903
510,2022,4,0.8396
511,2022,4,11.7318
512,2022,4,0.1282
513,2022,4,0.1299
514,2022,4,0.5992
515,2022,4,0
516,2022,4,1.3395
517,2022,4,0
518,2022,4,0
520,2022,4,0.8649
521,2022,4,0.3109
522,2022,4,0.2497
523,2022,4,0
525,2022,4,0
526,2022,4,1.3863
527,2022,4,0.3827
528,2022,4,0
529,2022,4,0.5291
530,2022,4,0
531,2022,4,0.6831
533,2022,4,0.1848
534,2022,4,0.0697
536,2022,4,0.2127
537,2022,4,0
539,2022,4,0.1554
540,2022,4,23.3668
2,2022,5,0.0537
3,2022,5,1.8732
4,2022,5,0.3583
5,2022,5,1.8767
17,2022,5,0.3212
18,2022,5,3.2437
20,2022,5,0.598
22,2022,5,3.0199
24,2022,5,3.8393
25,2022,5,0.0652
28,2022,5,14.6609
30,2022,5,0.9222
31,2022,5,0.3427
33,2022,5,2.0855
34,2022,5,0.4575
43,2022,5,0.8316
45,2022,5,2.003
46,2022,5,0.035
49,2022,5,1.7877
50,2022,5,4.5081
52,2022,5,0.3501
66,2022,5,0.1042
69,2022,5,0.7381
73,2022,5,5.1356
74,2022,5,1.8347
76,2022,5,1.8732
77,2022,5,0.3291
79,2022,5,0.9796
80,2022,5,8.021
82,2022,5,3.8551
84,2022,5,4.1684
85,2022,5,0
88,2022,5,0.4449
89,2022,5,0
90,2022,5,0
91,2022,5,54.23
92,2022,5,0.5565
93,2022,5,5.3384
95,2022,5,0.0001
96,2022,5,2.619
99,2022,5,0
100,2022,5,0
104,2022,5,2.2877
105,2022,5,4.1578
108,2022,5,0.9244
112,2022,5,0.8053
113,2022,5,0.1872
114,2022,5,0.1599
116,2022,5,18.5059
119,2022,5,0.0015
122,2022,5,8.5175
125,2022,5,0
136,2022,5,1.8592
137,2022,5,1.9866
138,2022,5,1.1583
139,2022,5,1.3725
142,2022,5,2.2232
145,2022,5,0.4482
149,2022,5,1.6548
151,2022,5,0.0109
152,2022,5,1.8627
155,2022,5,0.7878
169,2022,5,0.0012
170,2022,5,2.8744
177,2022,5,2.8937
178,2022,5,0.9104
204,2022,5,0.3662
206,2022,5,0.1272
212,2022,5,0.6328
216,2022,5,0.0948
218,2022,5,0
226,2022,5,0.9062
227,2022,5,0
228,2022,5,0.0712
229,2022,5,18.867
233,2022,5,0.2077
258,2022,5,0
263,2022,5,2.2745
269,2022,5,0
270,2022,5,0
271,2022,5,0
272,2022,5,0
274,2022,5,4.2404
275,2022,5,0.1611
279,2022,5,0
280,2022,5,0.0397
281,2022,5,0
282,2022,5,3.2076
283,2022,5,0.2686
286,2022,5,0
287,2022,5,0
290,2022,5,6.0151
296,2022,5,0.0018
297,2022,5,0.0011
298,2022,5,2.383
304,2022,5,0.7312
307,2022,5,0
311,2022,5,8.5726
314,2022,5,0.0392
315,2022,5,0.3502
316,2022,5,0.5978
317,2022,5,1.0174
319,2022,5,0.3223
320,2022,5,14.2577
321,2022,5,2.8522
323,2022,5,3.3982
326,2022,5,0
329,2022,5,0
330,2022,5,0.706
332,2022,5,0.7079
333,2022,5,1.4286
335,2022,5,0.4803
336,2022,5,2.1661
340,2022,5,6.6656
342,2022,5,1.2141
346,2022,5,0.2101
347,2022,5,0.2521
348,2022,5,0.7095
350,2022,5,0.0782
352,2022,5,4.2267
354,2022,5,0
355,2022,5,0
356,2022,5,0.0584
363,2022,5,0.4062
364,2022,5,0
365,2022,5,0.7703
366,2022,5,0.8596
367,2022,5,0.0003
369,2022,5,0
370,2022,5,0.0009
371,2022,5,0.0004
372,2022,5,0
373,2022,5,0.0006
374,2022,5,0
375,2022,5,0
376,2022,5,0
377,2022,5,0.0768
379,2022,5,0.737
382,2022,5,0.6069
383,2022,5,0
384,2022,5,0.0001
385,2022,5,0.1425
386,2022,5,0.3947
388,2022,5,0.0338
389,2022,5,2.3498
390,2022,5,0.5493
391,2022,5,0.6279
392,2022,5,0.0619
393,2022,5,1.619
394,2022,5,0.3256
395,2022,5,0.2403
396,2022,5,0.7817
399,2022,5,0
401,2022,5,2.7125
402,2022,5,2.0727
403,2022,5,0.0123
404,2022,5,0
406,2022,5,0.0001
407,2022,5,0.0001
408,2022,5,0.0004
409,2022,5,0.1774
410,2022,5,1.5668
411,2022,5,0.3362
412,2022,5,0
415,2022,5,1.4129
416,2022,5,0
417,2022,5,0.892
418,2022,5,1.7295
419,2022,5,2.7989
420,2022,5,0
421,2022,5,4.6904
424,2022,5,1.1063
425,2022,5,0
426,2022,5,1.2895
428,2022,5,0.0357
429,2022,5,2.511
430,2022,5,0.4161
431,2022,5,0
432,2022,5,0.3586
434,2022,5,0.2258
435,2022,5,0.003
436,2022,5,0.8951
437,2022,5,2.3062
438,2022,5,2.4079
439,2022,5,0.1887
441,2022,5,2.481
442,2022,5,0.014
443,2022,5,2.308
445,2022,5,0.098
446,2022,5,0
447,2022,5,0.4669
448,2022,5,0.7361
449,2022,5,0.6271
450,2022,5,1.525
452,2022,5,0.0496
455,2022,5,0
456,2022,5,0.0759
460,2022,5,0.0385
461,2022,5,0.0403
462,2022,5,0.1074
463,2022,5,0.105
464,2022,5,0.712
465,2022,5,0.7563
466,2022,5,0.077
467,2022,5,1.767
468,2022,5,0.1162
469,2022,5,1.1909
470,2022,5,0.3529
471,2022,5,0
472,2022,5,0.6251
473,2022,5,0.1564
474,2022,5,0
475,2022,5,2.9524
476,2022,5,0.0402
478,2022,5,4.8484
479,2022,5,0
480,2022,5,0
481,2022,5,0.5447
482,2022,5,0
483,2022,5,0
484,2022,5,16.662
485,2022,5,0
486,2022,5,0.0315
488,2022,5,0
489,2022,5,0.4295
490,2022,5,0
491,2022,5,6.5813
492,2022,5,0.0076
493,2022,5,1.0096
494,2022,5,0.1341
495,2022,5,0.7552
496,2022,5,14.3886
497,2022,5,0.9178
498,2022,5,0
499,2022,5,0
500,2022,5,37.6573
501,2022,5,5.9592
502,2022,5,0.7451
503,2022,5,0.3419
507,2022,5,1.204
508,2022,5,25.9354
509,2022,5,2.2212
510,2022,5,0.8387
511,2022,5,12.9638
512,2022,5,0.1507
513,2022,5,0
514,2022,5,0.4879
515,2022,5,0
516,2022,5,1.029
517,2022,5,0
518,2022,5,0.0833
520,2022,5,0.9495
521,2022,5,0.2264
522,2022,5,0
523,2022,5,0
525,2022,5,0
526,2022,5,1.4986
527,2022,5,0.8573
528,2022,5,0.0432
529,2022,5,0.5426
530,2022,5,0
531,2022,5,0.3063
533,2022,5,0.2109
534,2022,5,0.0537
536,2022,5,0.2232
537,2022,5,0
539,2022,5,4.0687
540,2022,5,16.1134
542,2022,5,10.779
543,2022,5,0.0416
2,2022,6,0.0855
3,2022,6,1.8199
4,2022,6,0.3398
5,2022,6,1.3784
17,2022,6,0.2808
18,2022,6,3.243
20,2022,6,0.4162
22,2022,6,2.8309
24,2022,6,5.1078
25,2022,6,0.036
28,2022,6,15.0365
30,2022,6,0.8608
31,2022,6,0.3228
33,2022,6,2.5245
34,2022,6,0.5098
43,2022,6,0.8585
45,2022,6,1.9567
46,2022,6,0
49,2022,6,1.2164
50,2022,6,3.1357
52,2022,6,0.4632
66,2022,6,0.0802
69,2022,6,0.9392
73,2022,6,2.1875
74,2022,6,1.7979
76,2022,6,2.0221
77,2022,6,0.3382
79,2022,6,0
80,2022,6,4.775
82,2022,6,3.7169
84,2022,6,3.8713
85,2022,6,0
88,2022,6,0.2058
89,2022,6,0
90,2022,6,0
91,2022,6,41.514
92,2022,6,0.5395
93,2022,6,5.842
95,2022,6,0
96,2022,6,2.1029
99,2022,6,0
100,2022,6,0
104,2022,6,2.2629
105,2022,6,4.4897
108,2022,6,1.0147
112,2022,6,0.8272
113,2022,6,0.2385
114,2022,6,0.1618
116,2022,6,21.928
119,2022,6,0
122,2022,6,11.9485
125,2022,6,0.0025
136,2022,6,1.068
137,2022,6,1.6945
138,2022,6,1.4206
139,2022,6,1.6765
142,2022,6,2.4547
145,2022,6,0.0588
149,2022,6,1.7088
151,2022,6,0.0066
152,2022,6,1.7941
155,2022,6,0.8662
169,2022,6,0
170,2022,6,1.8274
177,2022,6,4.9412
178,2022,6,1.1029
204,2022,6,0.0741
206,2022,6,0.0516
212,2022,6,0.7438
216,2022,6,0.1402
218,2022,6,0
226,2022,6,0.9083
227,2022,6,0
228,2022,6,0.0552
229,2022,6,19.3232
233,2022,6,0.1384
258,2022,6,0
263,2022,6,1.3875
269,2022,6,0
270,2022,6,0
271,2022,6,0
272,2022,6,0
274,2022,6,4.5424
275,2022,6,0.1838
279,2022,6,0
280,2022,6,0.0277
281,2022,6,0
282,2022,6,3.3329
283,2022,6,0.1395
286,2022,6,0
287,2022,6,0
290,2022,6,6.2071
296,2022,6,0.0002
297,2022,6,0.0017
298,2022,6,1.8875
304,2022,6,0.9827
307,2022,6,0
311,2022,6,8.0038
314,2022,6,0.0309
315,2022,6,0.1397
316,2022,6,9.7983
317,2022,6,3.3205
319,2022,6,0.4056
320,2022,6,14.2353
321,2022,6,3.129
323,2022,6,3.7916
326,2022,6,0
329,2022,6,0
330,2022,6,0.8019
332,2022,6,0.6316
333,2022,6,2.8536
335,2022,6,0.6218
336,2022,6,1.4036
340,2022,6,7.2298
342,2022,6,1.1836
346,2022,6,0.1728
347,2022,6,0.1366
348,2022,6,0.5016
350,2022,6,0
352,2022,6,2.957
354,2022,6,0
355,2022,6,0
356,2022,6,0.0637
363,2022,6,0.4923
364,2022,6,0
365,2022,6,0.2526
366,2022,6,0.832
367,2022,6,0
369,2022,6,0
370,2022,6,0
371,2022,6,0
372,2022,6,0
373,2022,6,0
374,2022,6,0
375,2022,6,0
376,2022,6,0
377,2022,6,0.0439
379,2022,6,0.2647
382,2022,6,1.941
383,2022,6,0
384,2022,6,0.0005
385,2022,6,0
386,2022,6,0.4598
388,2022,6,0.0308
389,2022,6,2.531
390,2022,6,0.4703
391,2022,6,0.5884
392,2022,6,0.0132
393,2022,6,2.0757
394,2022,6,0.6397
395,2022,6,0.1812
396,2022,6,2.8532
399,2022,6,0
401,2022,6,3.6173
402,2022,6,2.54
403,2022,6,0.018
404,2022,6,0
406,2022,6,0.0001
407,2022,6,0.0001
408,2022,6,0.0004
409,2022,6,0.201
410,2022,6,1.5031
411,2022,6,2.011
412,2022,6,0
415,2022,6,5.4204
416,2022,6,0
417,2022,6,0.8661
418,2022,6,1.838
419,2022,6,2.9932
420,2022,6,0
421,2022,6,5.1535
424,2022,6,0.1126
425,2022,6,0
426,2022,6,1.514
428,2022,6,0.0563
429,2022,6,2.6389
430,2022,6,0.0331
431,2022,6,0
432,2022,6,0.2984
434,2022,6,0.2996
435,2022,6,0
436,2022,6,0.9172
437,2022,6,2.6124
438,2022,6,3.9886
439,2022,6,0.1857
441,2022,6,2.5165
442,2022,6,0.0118
443,2022,6,2.6623
445,2022,6,0.0832
446,2022,6,0
447,2022,6,0.4154
448,2022,6,0.8527
449,2022,6,0.6747
450,2022,6,1.2461
452,2022,6,0.0692
455,2022,6,0
456,2022,6,0.0588
460,2022,6,0.0313
461,2022,6,0.0331
462,2022,6,0.0784
463,2022,6,0.0686
464,2022,6,0.6838
465,2022,6,0.7831
466,2022,6,0.0662
467,2022,6,0.9725
468,2022,6,0.1452
469,2022,6,0
470,2022,6,0.3581
471,2022,6,0
472,2022,6,0.7549
473,2022,6,0.1348
474,2022,6,0
475,2022,6,2.8775
476,2022,6,0.0322
478,2022,6,5.9121
479,2022,6,0
480,2022,6,0
481,2022,6,0.3154
482,2022,6,0
483,2022,6,0
484,2022,6,20.337
485,2022,6,0
486,2022,6,0.0362
488,2022,6,0
489,2022,6,0.026
490,2022,6,0
491,2022,6,6.9767
492,2022,6,0.0018
493,2022,6,0.0624
494,2022,6,0.0706
495,2022,6,0.6582
496,2022,6,18.2354
497,2022,6,0.983
498,2022,6,0
499,2022,6,0
500,2022,6,24.3415
501,2022,6,4.8656
502,2022,6,0.4569
503,2022,6,0.2906
507,2022,6,0.8719
508,2022,6,22.3519
509,2022,6,2.3629
510,2022,6,0.8693
511,2022,6,11.3019
512,2022,6,0.1266
513,2022,6,0.0277
514,2022,6,1.0214
515,2022,6,0
516,2022,6,0.1406
517,2022,6,0
518,2022,6,0.2364
520,2022,6,0.9179
521,2022,6,0.3563
522,2022,6,0
523,2022,6,0
525,2022,6,0
526,2022,6,1.3079
527,2022,6,0.3161
528,2022,6,0.0061
529,2022,6,0.6704
530,2022,6,0
531,2022,6,0.2545
533,2022,6,0.1555
534,2022,6,0.0711
536,2022,6,0.2131
537,2022,6,0
539,2022,6,3.8103
540,2022,6,7.6618
542,2022,6,0.0016
543,2022,6,0.139
546,2022,6,0.2614
2,2022,7,0.1272
3,2022,7,1.1687
4,2022,7,0.3366
5,2022,7,0.9085
17,2022,7,0.3104
18,2022,7,3.8694
20,2022,7,0.6636
22,2022,7,3.0328
24,2022,7,4.2565
25,2022,7,0.1353
28,2022,7,16.4232
30,2022,7,1.0511
31,2022,7,0.3558
33,2022,7,2.1092
34,2022,7,0.8049
43,2022,7,2.084
45,2022,7,1.8641
46,2022,7,0.0041
49,2022,7,1.1036
50,2022,7,2.1014
52,2022,7,0.4025
66,2022,7,0.0922
69,2022,7,1.6509
73,2022,7,0.5986
74,2022,7,4.1989
76,2022,7,1.9156
77,2022,7,0.3173
79,2022,7,0
80,2022,7,7.2817
82,2022,7,3.679
84,2022,7,2.3678
85,2022,7,0
88,2022,7,0.7617
89,2022,7,0
90,2022,7,0
91,2022,7,53.454
92,2022,7,0.4497
93,2022,7,6.2023
95,2022,7,0.0001
96,2022,7,3.2043
99,2022,7,0
100,2022,7,0
104,2022,7,2.34
105,2022,7,4.4441
108,2022,7,1.0449
112,2022,7,0.2902
113,2022,7,0.2448
114,2022,7,0.169
116,2022,7,24.0465
119,2022,7,0
122,2022,7,12.5646
125,2022,7,0.007
136,2022,7,0.178
137,2022,7,0.999
138,2022,7,1.0503
139,2022,7,1.3003
142,2022,7,0.1298
145,2022,7,0.0619
149,2022,7,1.4489
151,2022,7,0.0043
152,2022,7,2.1115
155,2022,7,0.8539
169,2022,7,0.0013
170,2022,7,1.4117
177,2022,7,3.9707
178,2022,7,1.219
204,2022,7,0.1611
206,2022,7,0
212,2022,7,0.568
216,2022,7,0.2239
218,2022,7,0
226,2022,7,0.5008
227,2022,7,0
228,2022,7,0.048
229,2022,7,20.0311
233,2022,7,0.0526
258,2022,7,0
263,2022,7,1.5472
269,2022,7,0
270,2022,7,0
271,2022,7,0
272,2022,7,0
274,2022,7,4.3042
275,2022,7,0.1858
279,2022,7,0.5844
280,2022,7,0.0303
281,2022,7,0
282,2022,7,2.812
283,2022,7,0.2161
286,2022,7,0
287,2022,7,0
290,2022,7,4.9804
296,2022,7,0
297,2022,7,0.0009
298,2022,7,1.7461
304,2022,7,0.9442
307,2022,7,0
311,2022,7,8.5759
314,2022,7,0.0015
315,2022,7,0.4528
316,2022,7,7.0379
317,2022,7,1.234
319,2022,7,0.5407
320,2022,7,17.7368
321,2022,7,3.8305
323,2022,7,6.1681
326,2022,7,0
329,2022,7,0
330,2022,7,0.7175
332,2022,7,0.672
333,2022,7,5.0533
335,2022,7,0.6606
336,2022,7,0.9652
340,2022,7,7.6187
342,2022,7,2.4733
346,2022,7,0.1734
347,2022,7,0.2528
348,2022,7,0.3578
350,2022,7,0
352,2022,7,2.1234
354,2022,7,0
355,2022,7,0
356,2022,7,0.0593
363,2022,7,0.3606
364,2022,7,0
365,2022,7,0
366,2022,7,0.5206
367,2022,7,0
369,2022,7,0
370,2022,7,0.0009
371,2022,7,0.3537
372,2022,7,0
373,2022,7,0
374,2022,7,0
375,2022,7,0
376,2022,7,0
377,2022,7,0.1016
379,2022,7,0.2941
382,2022,7,4.3544
383,2022,7,0
384,2022,7,0
385,2022,7,0
386,2022,7,0.5059
388,2022,7,0.0422
389,2022,7,2.8066
390,2022,7,0.5281
391,2022,7,0.4821
392,2022,7,0
393,2022,7,1.124
394,2022,7,0.1084
395,2022,7,0.1426
396,2022,7,1.7534
399,2022,7,0
401,2022,7,4.1185
402,2022,7,2.9528
403,2022,7,0.036
404,2022,7,0
406,2022,7,0.0001
407,2022,7,0.0002
408,2022,7,0.0003
409,2022,7,0.2296
410,2022,7,2.1104
411,2022,7,2.7012
412,2022,7,0
415,2022,7,15.6801
416,2022,7,0
417,2022,7,0
418,2022,7,1.9023
419,2022,7,2.9666
420,2022,7,0
421,2022,7,5.6228
424,2022,7,0.0202
425,2022,7,0
426,2022,7,1.5356
428,2022,7,0.0375
429,2022,7,2.7629
430,2022,7,0.0355
431,2022,7,0
432,2022,7,0.3295
434,2022,7,0.0929
435,2022,7,0
436,2022,7,0.894
437,2022,7,2.782
438,2022,7,2.6769
439,2022,7,0.1064
441,2022,7,2.4272
442,2022,7,0.0627
443,2022,7,3.228
445,2022,7,0.0767
446,2022,7,0
447,2022,7,0.4405
448,2022,7,0.8028
449,2022,7,0.8149
450,2022,7,1.4301
452,2022,7,0.0571
455,2022,7,0
456,2022,7,0.0436
460,2022,7,0.0329
461,2022,7,0.0329
462,2022,7,0.08
463,2022,7,0.0774
464,2022,7,0.6656
465,2022,7,0.7314
466,2022,7,0.0658
467,2022,7,1.7731
468,2022,7,0.177
469,2022,7,0
470,2022,7,0.2307
471,2022,7,0
472,2022,7,0.7361
473,2022,7,0.1161
474,2022,7,0
475,2022,7,2.7298
476,2022,7,0.031
478,2022,7,2.6166
479,2022,7,0.0185
480,2022,7,0
481,2022,7,0.3658
482,2022,7,0
483,2022,7,0
484,2022,7,19.9258
485,2022,7,0.0029
486,2022,7,0.0641
488,2022,7,0
489,2022,7,0.0004
490,2022,7,0
491,2022,7,7.2778
492,2022,7,0.0006
493,2022,7,0
494,2022,7,0.0321
495,2022,7,0.4655
496,2022,7,7.0742
497,2022,7,1.0252
498,2022,7,0
499,2022,7,0.1291
500,2022,7,17.8259
501,2022,7,4.9395
502,2022,7,0.8937
503,2022,7,0.2738
507,2022,7,1.1965
508,2022,7,27.5325
509,2022,7,2.5484
510,2022,7,0.852
511,2022,7,11.6385
512,2022,7,0.1031
513,2022,7,0.082
514,2022,7,0.4673
515,2022,7,0
516,2022,7,0.0326
517,2022,7,0
518,2022,7,0.4149
520,2022,7,0.9217
521,2022,7,0.3219
522,2022,7,0.0005
523,2022,7,0
525,2022,7,0
526,2022,7,1.5976
527,2022,7,0.2483
528,2022,7,0
529,2022,7,0.9027
530,2022,7,0
531,2022,7,0.1916
533,2022,7,0.2013
534,2022,7,0.0619
536,2022,7,0.2083
537,2022,7,0
539,2022,7,5.9795
540,2022,7,12.3839
542,2022,7,10.319
543,2022,7,0.2605
546,2022,7,4.8103
548,2022,7,0.7795
2,2022,8,0.0399
3,2022,8,1.1564
4,2022,8,0.3436
5,2022,8,0.3786
17,2022,8,0.3408
18,2022,8,6.269
20,2022,8,0
22,2022,8,3.0525
24,2022,8,4.8877
25,2022,8,0.4449
28,2022,8,16.3902
30,2022,8,0.7738
31,2022,8,0.3922
33,2022,8,6.9561
34,2022,8,0.664
43,2022,8,1.0043
45,2022,8,1.431
46,2022,8,0.0294
49,2022,8,0
50,2022,8,2.9264
52,2022,8,0.4278
66,2022,8,0.1647
69,2022,8,1.6876
73,2022,8,0.5103
74,2022,8,3.8836
76,2022,8,2.1122
77,2022,8,0.3944
79,2022,8,0
80,2022,8,4.5775
82,2022,8,3.4303
84,2022,8,2.2683
85,2022,8,0
88,2022,8,0.2546
89,2022,8,0
90,2022,8,0
91,2022,8,61.7584
92,2022,8,0.5025
93,2022,8,4.6045
95,2022,8,0.0002
96,2022,8,3.0147
99,2022,8,0
100,2022,8,0
104,2022,8,2.4573
105,2022,8,4.4348
108,2022,8,0.3409
112,2022,8,0
113,2022,8,0.2109
114,2022,8,0.1638
116,2022,8,26.3383
119,2022,8,0
122,2022,8,16.1805
125,2022,8,0.0014
136,2022,8,0.7837
137,2022,8,0.9465
138,2022,8,1.3095
139,2022,8,1.6043
142,2022,8,0
145,2022,8,0
149,2022,8,1.6277
151,2022,8,0.0043
152,2022,8,1.5749
155,2022,8,0.7907
169,2022,8,0.0011
170,2022,8,2.2052
177,2022,8,3.4548
178,2022,8,1.4205
204,2022,8,0.1378
206,2022,8,0
212,2022,8,0.5266
216,2022,8,0.0958
218,2022,8,0
226,2022,8,0.6684
227,2022,8,0
228,2022,8,0.0621
229,2022,8,11.9196
233,2022,8,0.0978
258,2022,8,0.0167
263,2022,8,1.6324
269,2022,8,0
270,2022,8,0
271,2022,8,0
272,2022,8,0
274,2022,8,3.6815
275,2022,8,0.1738
279,2022,8,0.5064
280,2022,8,0.0104
281,2022,8,0.0019
282,2022,8,3.5598
283,2022,8,0.2344
286,2022,8,0
287,2022,8,0
290,2022,8,6.0803
296,2022,8,0
297,2022,8,0.0029
298,2022,8,2.8911
304,2022,8,0.6792
307,2022,8,0
311,2022,8,8.2484
314,2022,8,0.0147
315,2022,8,0.2573
316,2022,8,2.5145
317,2022,8,1.0762
319,2022,8,0.4768
320,2022,8,19.9118
321,2022,8,3.3894
323,2022,8,3.0264
326,2022,8,0
329,2022,8,0
330,2022,8,0.7748
332,2022,8,0.6497
333,2022,8,0.8134
335,2022,8,0.7402
336,2022,8,1.0562
340,2022,8,7.764
342,2022,8,1.0519
346,2022,8,0.1521
347,2022,8,0.0139
348,2022,8,0.3017
350,2022,8,0
352,2022,8,1.9835
354,2022,8,0
355,2022,8,0
356,2022,8,0.0624
363,2022,8,0.3453
364,2022,8,0
365,2022,8,0
366,2022,8,0.5218
367,2022,8,0
369,2022,8,0
370,2022,8,0.0007
371,2022,8,0.0481
372,2022,8,0.0003
373,2022,8,0
374,2022,8,0
375,2022,8,0
376,2022,8,0.0001
377,2022,8,0.0318
379,2022,8,0.1989
382,2022,8,3.2915
383,2022,8,0
384,2022,8,0
385,2022,8,0
386,2022,8,0.3243
388,2022,8,0.0294
389,2022,8,2.6168
390,2022,8,0.3387
391,2022,8,0.4245
392,2022,8,0
393,2022,8,0.893
394,2022,8,0.1471
395,2022,8,0.2176
396,2022,8,4.4699
399,2022,8,0
401,2022,8,3.4763
402,2022,8,2.7557
403,2022,8,0.0247
404,2022,8,0
406,2022,8,0.0001
407,2022,8,0.0002
408,2022,8,0.0005
409,2022,8,0.2161
410,2022,8,1.4823
411,2022,8,2.9657
412,2022,8,0
415,2022,8,15.9240824
416,2022,8,0
417,2022,8,0.0006
418,2022,8,1.749
419,2022,8,2.9621
420,2022,8,0
421,2022,8,4.7951
424,2022,8,1.2261
425,2022,8,0
426,2022,8,1.8353
428,2022,8,0.0441
429,2022,8,2.6794
430,2022,8,0.0557
431,2022,8,0
432,2022,8,0.3118
434,2022,8,0
435,2022,8,0
436,2022,8,0.9164
437,2022,8,2.8277
438,2022,8,2.6036
439,2022,8,0.1501
441,2022,8,2.6781
442,2022,8,0.0229
443,2022,8,2.8668
445,2022,8,0.2147
446,2022,8,0
447,2022,8,0.4161
448,2022,8,1.0902
449,2022,8,0.7721
450,2022,8,2.5539
452,2022,8,0.0902
455,2022,8,0
456,2022,8,0.0406
460,2022,8,0.0351
461,2022,8,0.0351
462,2022,8,0.107
463,2022,8,0.0602
464,2022,8,0.7019
465,2022,8,0.7186
466,2022,8,0.0702
467,2022,8,1.7764
468,2022,8,0.098
469,2022,8,0
470,2022,8,0.2248
471,2022,8,0
472,2022,8,0.736
473,2022,8,0.1426
474,2022,8,0
475,2022,8,2.849
476,2022,8,0.053
478,2022,8,2.3147
479,2022,8,0
480,2022,8,0
481,2022,8,0.3062
482,2022,8,0
483,2022,8,0
484,2022,8,22.2805
485,2022,8,0.0025
486,2022,8,0.0368
488,2022,8,0
489,2022,8,0
490,2022,8,0
491,2022,8,7.1416
492,2022,8,0.0011
493,2022,8,0
494,2022,8,0.2663
495,2022,8,0.4619
496,2022,8,13.4374
497,2022,8,0.9631
498,2022,8,0
499,2022,8,1.3764
500,2022,8,14.6934
501,2022,8,5.0007
502,2022,8,0.6497
503,2022,8,0.3219
507,2022,8,0.4117
508,2022,8,27.956
509,2022,8,1.9922
510,2022,8,0.8773
511,2022,8,9.1431
512,2022,8,0.1421
513,2022,8,0.0427
514,2022,8,0.6219
515,2022,8,0.6207
516,2022,8,1.13
517,2022,8,0
518,2022,8,0.3713
520,2022,8,0.869
521,2022,8,0.2706
522,2022,8,0.0236
523,2022,8,0
525,2022,8,0.0038
526,2022,8,1.6622
527,2022,8,0.2034
528,2022,8,0
529,2022,8,0.9582
530,2022,8,0
531,2022,8,0.1757
533,2022,8,0.1241
534,2022,8,0.0557
536,2022,8,0.183
537,2022,8,0
539,2022,8,3.804
540,2022,8,0
542,2022,8,10.7543
543,2022,8,0.4268
546,2022,8,5.496
548,2022,8,0.6546
549,2022,8,0.0566
550,2022,8,0
552,2022,8,0
2,2022,9,0.0726
3,2022,9,0.9659
4,2022,9,0.3219
5,2022,9,0
17,2022,9,0.2923
18,2022,9,2.1834
20,2022,9,0
22,2022,9,2.8753
24,2022,9,4.4932
25,2022,9,0.4624
28,2022,9,11.8144
30,2022,9,1.3509
31,2022,9,0.445
33,2022,9,1.8173
34,2022,9,0.6239
43,2022,9,1.7162
45,2022,9,1.5682
46,2022,9,0.0762
49,2022,9,0.0074
50,2022,9,2.7527
52,2022,9,0.4679
66,2022,9,0.1562
69,2022,9,0.4086
73,2022,9,0.4013
74,2022,9,30.5849
76,2022,9,2.4465
77,2022,9,0.3342
79,2022,9,0
80,2022,9,3.1838
82,2022,9,3.3813
84,2022,9,1.7447
85,2022,9,0.0001
88,2022,9,0.1446
89,2022,9,0
90,2022,9,0
91,2022,9,59.2608
92,2022,9,0.861
93,2022,9,4.1746
95,2022,9,0
96,2022,9,1.9853
99,2022,9,0
100,2022,9,0
104,2022,9,2.1846
105,2022,9,4.9302
108,2022,9,0.0802
112,2022,9,0
113,2022,9,0.1615
114,2022,9,0.1326
116,2022,9,22.2277
119,2022,9,0
122,2022,9,31.2891
125,2022,9,0.0008
136,2022,9,1.9301
137,2022,9,0.164
138,2022,9,1.3128
139,2022,9,1.6043
142,2022,9,0
145,2022,9,0
149,2022,9,0.9525
151,2022,9,0.005
152,2022,9,2.012
155,2022,9,0.693
169,2022,9,0.035
170,2022,9,1.3802
177,2022,9,2.6783
178,2022,9,1.3035
204,2022,9,0.2075
206,2022,9,0
212,2022,9,0.5078
216,2022,9,0.0989
218,2022,9,0
226,2022,9,1.4155
227,2022,9,0
228,2022,9,0.0528
229,2022,9,16.6962
233,2022,9,0.3544
258,2022,9,0.1671
263,2022,9,1.4646
269,2022,9,0
270,2022,9,0
271,2022,9,0
272,2022,9,0
274,2022,9,3.4344
275,2022,9,0.1738
279,2022,9,0.4295
280,2022,9,0
281,2022,9,0
282,2022,9,3.2923
283,2022,9,0.1701
286,2022,9,0
287,2022,9,0
290,2022,9,6.5239
296,2022,9,0.0006
297,2022,9,0.0011
298,2022,9,2.9077
304,2022,9,0.9092
307,2022,9,0
311,2022,9,9.5869
314,2022,9,0.008
315,2022,9,0.3342
316,2022,9,4.4563
317,2022,9,1.0271
319,2022,9,0.5153
320,2022,9,17.5989
321,2022,9,2.7289
323,2022,9,2.2158
326,2022,9,0
329,2022,9,0
330,2022,9,0.661
332,2022,9,0.9071
333,2022,9,1.0852
335,2022,9,0.401
336,2022,9,0.8565
340,2022,9,7.6527
342,2022,9,0.9723
346,2022,9,0.1354
347,2022,9,0.0039
348,2022,9,0.4464
350,2022,9,0
352,2022,9,3.0177
354,2022,9,0
355,2022,9,0
356,2022,9,0.0602
363,2022,9,0.3046
364,2022,9,0
365,2022,9,0
366,2022,9,0.447
367,2022,9,0
369,2022,9,0
370,2022,9,0.0004
371,2022,9,0.0483
372,2022,9,0.0002
373,2022,9,0.0001
374,2022,9,0.0001
375,2022,9,0.001
376,2022,9,0.0002
377,2022,9,0.0047
379,2022,9,0.2991
382,2022,9,2.9701
383,2022,9,0
384,2022,9,0
385,2022,9,0
386,2022,9,0.319
388,2022,9,0.0245
389,2022,9,2.3091
390,2022,9,0.3918
391,2022,9,0.4112
392,2022,9,0
393,2022,9,0.9558
394,2022,9,0.244
395,2022,9,0.1759
396,2022,9,4.8821
399,2022,9,0
401,2022,9,5.8717
402,2022,9,0.7165
403,2022,9,0
404,2022,9,0
406,2022,9,0.0001
407,2022,9,0.0001
408,2022,9,0.0004
409,2022,9,0.1927
410,2022,9,1.6399
411,2022,9,3.721
412,2022,9,0
415,2022,9,7.111
416,2022,9,0
417,2022,9,0.4867
418,2022,9,1.6587
419,2022,9,2.2323
420,2022,9,0
421,2022,9,1.168
424,2022,9,2.491
425,2022,9,0.2457
426,2022,9,1.3954
428,2022,9,0.0648
429,2022,9,2.5356
430,2022,9,0
431,2022,9,0
432,2022,9,0.2283
434,2022,9,0
435,2022,9,0
436,2022,9,0.8049
437,2022,9,3.0403
438,2022,9,1.9121
439,2022,9,0.1559
441,2022,9,2.6044
442,2022,9,0
443,2022,9,2.148
445,2022,9,0.2748
446,2022,9,0
447,2022,9,0.7281
448,2022,9,1.0193
449,2022,9,0.9623
450,2022,9,2.5246
452,2022,9,0.046
455,2022,9,0
456,2022,9,0.0479
460,2022,9,0.0368
461,2022,9,0.0401
462,2022,9,0.1248
463,2022,9,0.0022
464,2022,9,0.7175
465,2022,9,0.7821
466,2022,9,0.0769
467,2022,9,1.7499
468,2022,9,0.066
469,2022,9,0
470,2022,9,0.2692
471,2022,9,0
472,2022,9,0.6734
473,2022,9,0.1292
474,2022,9,0
475,2022,9,2.5562
476,2022,9,0.0449
478,2022,9,0.7651
479,2022,9,0
480,2022,9,0
481,2022,9,0.2673
482,2022,9,0
483,2022,9,0.0017
484,2022,9,20.0735
485,2022,9,0.0044
486,2022,9,0.0568
488,2022,9,0
489,2022,9,0
490,2022,9,0
491,2022,9,7.1063
492,2022,9,0.0011
493,2022,9,0
494,2022,9,0.2424
495,2022,9,0.5054
496,2022,9,9.1411
497,2022,9,1.0145
498,2022,9,0
499,2022,9,1.2175
500,2022,9,18.378
501,2022,9,5.0965
502,2022,9,0.6899
503,2022,9,0.5172
507,2022,9,0.7982
508,2022,9,28.7039
509,2022,9,1.9827
510,2022,9,0.7792
511,2022,9,9.7687
512,2022,9,0.1172
513,2022,9,0.0281
514,2022,9,0.3078
515,2022,9,1.2023
516,2022,9,0.0984
517,2022,9,0
518,2022,9,1.2761
520,2022,9,1.0784
521,2022,9,0.2148
522,2022,9,0
523,2022,9,0
525,2022,9,0.027
526,2022,9,1.9541
527,2022,9,0.5122
528,2022,9,0.0368
529,2022,9,0.4003
530,2022,9,0
531,2022,9,0.2336
533,2022,9,0.0728
534,2022,9,0.0579
536,2022,9,0.2163
537,2022,9,0
539,2022,9,4.6527
540,2022,9,1.2433
542,2022,9,0
543,2022,9,0.4228
546,2022,9,6.2396
548,2022,9,0.0599
549,2022,9,0.357
550,2022,9,0
551,2022,9,0.9726
552,2022,9,0
553,2022,9,0
554,2022,9,0
555,2022,9,0.4812
556,2022,9,0
557,2022,9,0.0429
2,2022,10,0.2172
3,2022,10,0.1066
4,2022,10,0.3114
5,2022,10,0
17,2022,10,0.3059
18,2022,10,2.5247
20,2022,10,0.402
22,2022,10,2.8875
24,2022,10,1.1182
25,2022,10,0.6876
28,2022,10,14.7017
30,2022,10,1.6639
31,2022,10,0.4456
33,2022,10,1.9155
34,2022,10,0.5097
43,2022,10,2.8272
45,2022,10,1.4451
46,2022,10,0.0142
49,2022,10,0
50,2022,10,3.4816
52,2022,10,0.5809
66,2022,10,0.1386
69,2022,10,1.4314
73,2022,10,0.0071
74,2022,10,4.2464
76,2022,10,1.8382
77,2022,10,0.3382
79,2022,10,0
80,2022,10,2.6647
82,2022,10,3.3738
84,2022,10,1.946
85,2022,10,0
88,2022,10,0.4033
89,2022,10,0
90,2022,10,0
91,2022,10,58.9248
92,2022,10,1.0494
93,2022,10,3.7415
95,2022,10,0
96,2022,10,1.9853
99,2022,10,0
100,2022,10,0
104,2022,10,2.4141
105,2022,10,4.3947
108,2022,10,0.1544
112,2022,10,0
113,2022,10,0.1967
114,2022,10,0.1569
116,2022,10,25.9816
119,2022,10,0
122,2022,10,15.4783
125,2022,10,0
136,2022,10,3.6121
137,2022,10,0.2082
138,2022,10,1.2147
139,2022,10,3
142,2022,10,0
145,2022,10,0
149,2022,10,2.1926
151,2022,10,0.004
152,2022,10,1.9118
155,2022,10,0.7518
169,2022,10,0.0129
170,2022,10,1.0319
177,2022,10,2.5784
178,2022,10,1.2684
204,2022,10,0.4126
206,2022,10,0
212,2022,10,0.4663
216,2022,10,0.1417
218,2022,10,0
226,2022,10,0.4758
227,2022,10,0
228,2022,10,0.0349
229,2022,10,14.5069
233,2022,10,0.098
258,2022,10,3.2537
263,2022,10,1.1022
269,2022,10,0
270,2022,10,0
271,2022,10,0
272,2022,10,0
274,2022,10,4.0703
275,2022,10,0.1618
279,2022,10,0.3713
280,2022,10,0.0005
281,2022,10,0
282,2022,10,3.4811
283,2022,10,2.0643
286,2022,10,0
287,2022,10,0
290,2022,10,5.1623
296,2022,10,0.0023
297,2022,10,0.0011
298,2022,10,2.9846
304,2022,10,0.6845
307,2022,10,0
311,2022,10,9.1484
314,2022,10,0.0059
315,2022,10,0.3198
316,2022,10,0.4779
317,2022,10,1.0717
319,2022,10,0.5579
320,2022,10,17.8735
321,2022,10,2.8538
323,2022,10,2.8848
326,2022,10,0
329,2022,10,0
330,2022,10,0.6841
332,2022,10,0.7331
333,2022,10,0.9085
335,2022,10,0.6086
336,2022,10,1.517
340,2022,10,7.6997
342,2022,10,1.0508
346,2022,10,0.1574
347,2022,10,0.0496
348,2022,10,0.7193
350,2022,10,0
352,2022,10,4.8981
354,2022,10,0
355,2022,10,0
356,2022,10,0.076
363,2022,10,0.2836
364,2022,10,0
365,2022,10,0
366,2022,10,0.4118
367,2022,10,0
369,2022,10,0
370,2022,10,0
371,2022,10,0
372,2022,10,0
373,2022,10,0
374,2022,10,0
375,2022,10,0
376,2022,10,0
377,2022,10,0.0977
379,2022,10,0.2481
382,2022,10,3.1751
383,2022,10,0
384,2022,10,0
385,2022,10,0
386,2022,10,0.4569
388,2022,10,0.0346
389,2022,10,2.5597
390,2022,10,0.4543
391,2022,10,0.3529
392,2022,10,0
393,2022,10,1.2251
394,2022,10,0.1654
395,2022,10,0.2784
396,2022,10,5.1762
399,2022,10,0
401,2022,10,4.4354
402,2022,10,0.5254
403,2022,10,0
404,2022,10,0
406,2022,10,0.0001
407,2022,10,0.0001
408,2022,10,0.0004
409,2022,10,0.2267
410,2022,10,1.2175
411,2022,10,5.9584
412,2022,10,0
415,2022,10,5.5077
416,2022,10,0
417,2022,10,0.8639
418,2022,10,1.4783
419,2022,10,1.9357
420,2022,10,0
421,2022,10,0
424,2022,10,2.5806
425,2022,10,0.5913
426,2022,10,1.4976
428,2022,10,0.0662
429,2022,10,2.8133
430,2022,10,0.3382
431,2022,10,0
432,2022,10,0.2629
434,2022,10,0
435,2022,10,0
436,2022,10,0.8186
437,2022,10,3.1213
438,2022,10,1.8533
439,2022,10,0.1708
441,2022,10,3.3735
442,2022,10,0.0396
443,2022,10,2.4855
445,2022,10,0.2654
446,2022,10,0
447,2022,10,0.3444
448,2022,10,1.3237
449,2022,10,1.0193
450,2022,10,2.1832
452,2022,10,0.05
455,2022,10,0
456,2022,10,0.0466
460,2022,10,0.0386
461,2022,10,0.0368
462,2022,10,0.125
463,2022,10,0
464,2022,10,0.7525
465,2022,10,0.8529
466,2022,10,0.0735
467,2022,10,0.9308
468,2022,10,0.0965
469,2022,10,0
470,2022,10,0.1123
471,2022,10,0
472,2022,10,0.6865
473,2022,10,0.0784
474,2022,10,0
475,2022,10,2.1541
476,2022,10,0.042
478,2022,10,0
479,2022,10,0
480,2022,10,0
481,2022,10,0.4223
482,2022,10,0
483,2022,10,0.0018
484,2022,10,19.6214
485,2022,10,0.0787
486,2022,10,0.1906
488,2022,10,0
489,2022,10,0
490,2022,10,0
491,2022,10,7.441
492,2022,10,0.0006
493,2022,10,0.0105
494,2022,10,0.3958
495,2022,10,0.6441
496,2022,10,5.9585
497,2022,10,0.9871
498,2022,10,0
499,2022,10,1.375
500,2022,10,20.0753
501,2022,10,5.5868
502,2022,10,0.4716
503,2022,10,0.6499
507,2022,10,0.3873
508,2022,10,35.0723
509,2022,10,2.1297
510,2022,10,0.7172
511,2022,10,10.069
512,2022,10,0.1285
513,2022,10,0.1409
514,2022,10,0.0901
515,2022,10,1.2161
516,2022,10,0.7381
517,2022,10,0
518,2022,10,3.8092
520,2022,10,0.8836
521,2022,10,0.1957
522,2022,10,0
523,2022,10,0
525,2022,10,0.0152
526,2022,10,1.9187
527,2022,10,0.2583
528,2022,10,0.0165
529,2022,10,0.7986
530,2022,10,0
531,2022,10,0.159
533,2022,10,0.0476
534,2022,10,0.0711
536,2022,10,0.2346
537,2022,10,0
539,2022,10,4.1752
540,2022,10,1.9264
542,2022,10,0
543,2022,10,0.3364
546,2022,10,5.5452
547,2022,10,0.4667
548,2022,10,0.2893
549,2022,10,0.8702
550,2022,10,0.2435
551,2022,10,0.8334
552,2022,10,0
553,2022,10,0
554,2022,10,0
555,2022,10,2.0208
556,2022,10,0
557,2022,10,1.1703
560,2022,10,0.0441
2,2022,11,0.333
3,2022,11,0
4,2022,11,0.3272
5,2022,11,0
17,2022,11,0.2118
18,2022,11,2.6609
20,2022,11,0.6078
22,2022,11,2.9537
24,2022,11,0
25,2022,11,0.6719
28,2022,11,13.3712
30,2022,11,1.7407
31,2022,11,0.5248
33,2022,11,2.1588
34,2022,11,0.5589
43,2022,11,1.432
45,2022,11,1.7774
46,2022,11,0.0431
49,2022,11,0
50,2022,11,4.142
52,2022,11,0.5
66,2022,11,0.2604
69,2022,11,1.438
73,2022,11,0
74,2022,11,4.8016
76,2022,11,2.3823
77,2022,11,0.3382
79,2022,11,0
80,2022,11,1.5581
82,2022,11,2.9228
84,2022,11,2.9798
85,2022,11,0
88,2022,11,0.5017
89,2022,11,0
90,2022,11,0
91,2022,11,57.528
92,2022,11,1.0063
93,2022,11,3.6434
95,2022,11,0
96,2022,11,2.7059
99,2022,11,0
100,2022,11,0
104,2022,11,1.7533
105,2022,11,0
108,2022,11,0.0221
112,2022,11,0
113,2022,11,0.2661
114,2022,11,0.1275
116,2022,11,28.0859
119,2022,11,0
122,2022,11,17.2901
125,2022,11,0.0004
136,2022,11,3.6894
137,2022,11,0.2718
138,2022,11,4.4993
139,2022,11,1.8824
142,2022,11,0
145,2022,11,0
149,2022,11,2.9154
151,2022,11,0.0074
152,2022,11,2.7603
155,2022,11,0.9737
169,2022,11,0.0049
170,2022,11,1.0684
177,2022,11,3.2791
178,2022,11,1.2316
204,2022,11,0.6472
206,2022,11,0
212,2022,11,0.849
216,2022,11,0.1304
218,2022,11,0
226,2022,11,0.3028
227,2022,11,0
228,2022,11,0.0555
229,2022,11,10.1027
233,2022,11,0.0402
258,2022,11,2.1691
263,2022,11,1.5059
269,2022,11,0
270,2022,11,0
271,2022,11,0
272,2022,11,0
274,2022,11,3.2804
275,2022,11,0.2721
279,2022,11,0.5588
280,2022,11,0
281,2022,11,0
282,2022,11,3.4742
283,2022,11,0.5275
286,2022,11,0
287,2022,11,0
290,2022,11,5.1003
296,2022,11,0.002
297,2022,11,0.0042
298,2022,11,1.8838
304,2022,11,0.897
307,2022,11,0
311,2022,11,8.5608
314,2022,11,0.0397
315,2022,11,0.2684
316,2022,11,0
317,2022,11,1.1321
319,2022,11,0.589
320,2022,11,16.8677
321,2022,11,3.0331
323,2022,11,1.9736
326,2022,11,0
329,2022,11,0
330,2022,11,0.7226
332,2022,11,0.901
333,2022,11,2.0803
335,2022,11,0.4402
336,2022,11,2.2029
340,2022,11,7.3388
342,2022,11,1.524
346,2022,11,0.1338
347,2022,11,0
348,2022,11,0.442
350,2022,11,0
352,2022,11,3.6042
354,2022,11,0
355,2022,11,0
356,2022,11,0.0613
363,2022,11,0.3118
364,2022,11,0
365,2022,11,0
366,2022,11,0.4786
367,2022,11,0
369,2022,11,0
370,2022,11,0
371,2022,11,0
372,2022,11,0
373,2022,11,0
374,2022,11,0
375,2022,11,0
376,2022,11,0
377,2022,11,0
379,2022,11,0.5147
382,2022,11,1.3979
383,2022,11,0
384,2022,11,0
385,2022,11,0
386,2022,11,0.465
388,2022,11,0.0691
389,2022,11,2.5095
390,2022,11,0.4747
391,2022,11,0.3692
392,2022,11,0
393,2022,11,1.3431
394,2022,11,0.1654
395,2022,11,0.2821
396,2022,11,3.1591
399,2022,11,0
401,2022,11,7.5544
402,2022,11,0.4864
403,2022,11,0
404,2022,11,0
406,2022,11,0.0001
407,2022,11,0.0001
408,2022,11,0.0003
409,2022,11,0.223
410,2022,11,0.7757
411,2022,11,5.3051
412,2022,11,0
415,2022,11,9.335
416,2022,11,0
417,2022,11,1.1869
418,2022,11,2.1328
419,2022,11,2.3708
420,2022,11,0.0012
421,2022,11,0
424,2022,11,1.7392
425,2022,11,0.7157
426,2022,11,1.3471
428,2022,11,0.0441
429,2022,11,2.8338
430,2022,11,0
431,2022,11,0
432,2022,11,0.3129
434,2022,11,0
435,2022,11,0
436,2022,11,0.7839
437,2022,11,2.6879
438,2022,11,2.6088
439,2022,11,0.1109
441,2022,11,2.1432
442,2022,11,0.0026
443,2022,11,3.1598
445,2022,11,0.1384
446,2022,11,0
447,2022,11,0.28
448,2022,11,1.4335
449,2022,11,0.9284
450,2022,11,1.9887
452,2022,11,0.0419
455,2022,11,0
456,2022,11,0.0429
460,2022,11,0.0349
461,2022,11,0.0404
462,2022,11,0.1176
463,2022,11,0
464,2022,11,0.6936
465,2022,11,0.8934
466,2022,11,0.0699
467,2022,11,1.4036
468,2022,11,0.088
469,2022,11,0
470,2022,11,0.3461
471,2022,11,0
472,2022,11,0.8402
473,2022,11,0.152
474,2022,11,0
475,2022,11,2.0726
476,2022,11,0.0296
478,2022,11,0.428
479,2022,11,0
480,2022,11,0
481,2022,11,0.8072
482,2022,11,0
483,2022,11,0.011
484,2022,11,25.0846
485,2022,11,0.0593
486,2022,11,0.2739
488,2022,11,0.2651
489,2022,11,0
490,2022,11,0
491,2022,11,8.2473
492,2022,11,0.0012
493,2022,11,0.0472
494,2022,11,0.0049
495,2022,11,0.9921
496,2022,11,4.6848
497,2022,11,1.1313
498,2022,11,0
499,2022,11,1.4399
500,2022,11,25.5937
501,2022,11,5.9248
502,2022,11,0.6402
503,2022,11,0.3851
507,2022,11,0.4694
508,2022,11,26.9877
509,2022,11,1.7661
510,2022,11,0.773
511,2022,11,11.4697
512,2022,11,0.197
513,2022,11,0.1219
514,2022,11,0.2249
515,2022,11,1.4069
516,2022,11,1.2277
517,2022,11,0
518,2022,11,5.1971
520,2022,11,0.9994
521,2022,11,0.2002
522,2022,11,0
523,2022,11,0
525,2022,11,0.1297
526,2022,11,1.9813
527,2022,11,0.3263
528,2022,11,0.0325
529,2022,11,1.1934
530,2022,11,0
531,2022,11,0.1043
533,2022,11,0.0662
534,2022,11,0.0441
536,2022,11,0.232
537,2022,11,0
539,2022,11,2.8308
540,2022,11,0
542,2022,11,15.0645
543,2022,11,0.3306
546,2022,11,9.7001
547,2022,11,0.0853
548,2022,11,0.2031
549,2022,11,1.9465
550,2022,11,0.6486
551,2022,11,0.7476
552,2022,11,0
553,2022,11,0
554,2022,11,0
555,2022,11,1.7269
556,2022,11,0
557,2022,11,1.3694
558,2022,11,0.4816
560,2022,11,0.1103
562,2022,11,0.0367
2,2022,12,0.3525
3,2022,12,0
4,2022,12,0.3702
5,2022,12,0
17,2022,12,0.2008
18,2022,12,1.8189
20,2022,12,0.9314
22,2022,12,2.9408
24,2022,12,0
25,2022,12,0.3435
28,2022,12,17.3236
30,2022,12,2.0858
31,2022,12,0.1703
33,2022,12,2.0625
34,2022,12,0.549
43,2022,12,1.0956
45,2022,12,1.432
46,2022,12,0.0358
49,2022,12,0
50,2022,12,2.3055
52,2022,12,0.3382
66,2022,12,0.1115
69,2022,12,1.048
73,2022,12,0.4254
74,2022,12,8.6067
76,2022,12,1.6471
77,2022,12,0.2941
79,2022,12,0
80,2022,12,0
82,2022,12,2.6041
84,2022,12,2.084
85,2022,12,0
88,2022,12,0.654
89,2022,12,0
90,2022,12,0
91,2022,12,45.1633
92,2022,12,1.3925
93,2022,12,2.701
95,2022,12,0
96,2022,12,3.0809
99,2022,12,0
100,2022,12,0
104,2022,12,2.1942
105,2022,12,0
108,2022,12,0
112,2022,12,0
113,2022,12,0.7629
116,2022,12,36.2916
122,2022,12,22.9099
125,2022,12,0.0067
136,2022,12,4.6085
137,2022,12,0.7334
138,2022,12,1.0515
139,2022,12,1.5294
142,2022,12,0
145,2022,12,0
149,2022,12,1.8456
151,2022,12,0.0048
152,2022,12,3.6618
155,2022,12,0.8716
169,2022,12,0.0276
170,2022,12,0.1763
177,2022,12,2.7038
178,2022,12,1.2684
204,2022,12,4.4867
206,2022,12,0
212,2022,12,0.6603
216,2022,12,0.0662
218,2022,12,0
226,2022,12,0.2595
228,2022,12,0.0462
229,2022,12,9.9151
233,2022,12,0.0385
258,2022,12,3.0882
263,2022,12,1.6154
274,2022,12,3.9564
275,2022,12,0.2132
279,2022,12,0.5699
280,2022,12,0.0049
281,2022,12,0
282,2022,12,3.3793
283,2022,12,1.2663
287,2022,12,0
290,2022,12,5.3581
296,2022,12,0.0017
297,2022,12,0.0037
298,2022,12,2.4323
304,2022,12,0.8031
307,2022,12,0
311,2022,12,10.4837
314,2022,12,0.0353
315,2022,12,0.2867
316,2022,12,0
317,2022,12,1.1935
319,2022,12,1.3768
320,2022,12,21.4882
321,2022,12,4.2199
323,2022,12,1.7738
326,2022,12,0
329,2022,12,0
330,2022,12,0.7349
332,2022,12,0.6702
333,2022,12,1.2847
335,2022,12,0.5742
336,2022,12,2.3041
340,2022,12,7.2898
342,2022,12,1.1207
346,2022,12,0.3026
347,2022,12,0.0337
348,2022,12,0.2407
350,2022,12,0
352,2022,12,6.063
354,2022,12,0
355,2022,12,0
356,2022,12,0.0466
363,2022,12,0.2314
364,2022,12,0
365,2022,12,0
366,2022,12,0.3613
367,2022,12,0
369,2022,12,0
370,2022,12,0
371,2022,12,0
372,2022,12,0
373,2022,12,0
374,2022,12,0
375,2022,12,0
376,2022,12,0
377,2022,12,0
379,2022,12,0.6986
382,2022,12,0
383,2022,12,0
384,2022,12,0.0001
385,2022,12,0
386,2022,12,0.5081
388,2022,12,0.0823
389,2022,12,2.6958
390,2022,12,0.3332
391,2022,12,0.3292
393,2022,12,1.4302
394,2022,12,0.1066
395,2022,12,0.2393
396,2022,12,3.1118
399,2022,12,0
401,2022,12,4.1809
402,2022,12,0.4882
403,2022,12,0.004
404,2022,12,0.0225
406,2022,12,0.0001
407,2022,12,0.0001
408,2022,12,0.0003
409,2022,12,0.1826
410,2022,12,0.6404
411,2022,12,5.5159
415,2022,12,10.3135
416,2022,12,0
417,2022,12,1.1014
418,2022,12,2.179
419,2022,12,2.4173
420,2022,12,0.0882
421,2022,12,0
424,2022,12,2.4601
425,2022,12,0.8547
426,2022,12,1.182
428,2022,12,0.0474
429,2022,12,2.9342
430,2022,12,0
431,2022,12,0
432,2022,12,0.4097
434,2022,12,0
435,2022,12,0
436,2022,12,0.764
437,2022,12,2.5092
438,2022,12,2.3173
439,2022,12,0.0941
441,2022,12,2.2105
442,2022,12,0.0015
443,2022,12,2.4564
445,2022,12,0.06
446,2022,12,0
447,2022,12,0.2629
448,2022,12,1.4154
449,2022,12,0.9694
450,2022,12,2.3328
452,2022,12,0.0673
455,2022,12,0
456,2022,12,0.0382
460,2022,12,0.0423
461,2022,12,0.0478
462,2022,12,0.1299
463,2022,12,0.1176
464,2022,12,0.7794
465,2022,12,0.9779
466,2022,12,0.0809
467,2022,12,1.3045
468,2022,12,0.0946
469,2022,12,0
470,2022,12,0.3176
471,2022,12,0
472,2022,12,0.8429
473,2022,12,0.1422
475,2022,12,1.7751
476,2022,12,0.0238
478,2022,12,2.1763
479,2022,12,0
480,2022,12,0
481,2022,12,0.6147
482,2022,12,0
483,2022,12,0
484,2022,12,27.381
485,2022,12,0.1047
486,2022,12,0.4178
488,2022,12,0
490,2022,12,0
491,2022,12,8.7324
492,2022,12,0.0012
493,2022,12,0.2164
494,2022,12,0
495,2022,12,0.8902
496,2022,12,5.0262
497,2022,12,1.0507
498,2022,12,0.01
499,2022,12,1.0803
500,2022,12,18.8942
501,2022,12,5.7843
502,2022,12,0.7421
503,2022,12,0.2383
507,2022,12,0.4092
508,2022,12,17.8287
509,2022,12,1.7078
510,2022,12,0.8351
511,2022,12,11.3759
512,2022,12,0.2053
513,2022,12,0.1665
514,2022,12,0.2445
515,2022,12,0.0713
516,2022,12,0.661
517,2022,12,0
518,2022,12,4.3276
520,2022,12,1.098
521,2022,12,0.4537
522,2022,12,0
523,2022,12,0
525,2022,12,0.4549
526,2022,12,1.8306
527,2022,12,0.1967
528,2022,12,0.0165
529,2022,12,1.5253
530,2022,12,0
531,2022,12,0.0756
533,2022,12,0.0557
534,2022,12,0.0539
536,2022,12,0.2358
537,2022,12,0
539,2022,12,3.3064
540,2022,12,0
542,2022,12,37.2002
543,2022,12,0.478
546,2022,12,12.3971
547,2022,12,0
548,2022,12,0.0614
549,2022,12,2.552
550,2022,12,0.3369
551,2022,12,1.1605
552,2022,12,0
553,2022,12,0
554,2022,12,0.6011
555,2022,12,1.2584
556,2022,12,0
557,2022,12,1.9546
558,2022,12,0.2757
560,2022,12,0.1814
562,2022,12,0.8262
564,2022,12,0.0181
