runner_id,machine,role_id
23290,DB0B0915656,1152
23291,DB0B0915656,1153
23292,DB0B0810046,1148
23293,DB0B0810046,1149
23294,DB0B0810046,1150
23295,DB0B0810046,1151
23296,DB0B0810046,1152
23297,DB0B0810046,1153
23298,RB0B0870344,1154
23299,RB0B0870344,1155
23300,DB0B0829252,1156
23301,RB0B0829251,1154
23302,RB0B0829251,1155
23303,DB0B0829251,1156
23304,DB0B0915625,1154
23305,DB0B0915625,1155
23306,DB0B0915625,1156
23307,RB0B0826481,1154
23308,RB0B0826481,1155
23309,DB0B0826481,1156
23310,RB0B0915644,1154
23311,RB0B0915644,1155
23312,DB0B0915644,1156
23313,RB0B0828834,1157
23314,RB0B0828834,1158
23315,DB0B0828706,1157
23316,DB0B0828706,1158
23317,RB0B0876890,1079
23318,RB0B0876890,1080
23319,RB0B0876890,1081
23320,RB0B0876890,1082
23321,RB0B0810172,1079
23322,DB0B0810172,1080
23323,RB0B0810172,1081
23324,RB0B0810172,1082
23325,RB0B0810041,1079
23326,DB0B0810041,1080
23327,RB0B0810041,1081
23328,RB0B0810041,1082
23329,RB0B0835333,1079
23330,RB0B0835333,1080
23331,RB0B0835333,1081
23332,RB0B0835333,1082
23333,RB0B0810377,1079
23334,DB0B0810377,1080
23335,RB0B0810377,1081
23336,RB0B0810377,1082
23337,RB0B0826376,1079
23338,DB0B0826376,1080
23339,RB0B0826376,1081
23340,RB0B0826376,1082
23341,DB0B0873662,1161
23342,DB0B0563426,1162
23343,DB0B0563426,1163
23344,DB0B0563426,1164
23345,DB0B0563426,1165
23346,RB0B0898920,1166
23347,RB0B0898920,1167
23348,RB0B0898920,1168
23349,RB0B0898920,1169
23350,RB0B0898920,1170
23351,RB0B0898920,1171
23352,DB0B0899127,1172
23353,DB0B0872126,1138
23354,RB0B0872126,1139
23355,RB0B0872126,1140
23356,DB0B0872126,1141
23357,RB0B0876890,1083
23358,RB0B0876890,1084
23359,RB0B0810172,1083
23360,RB0B0810172,1084
23361,RB0B0810041,1083
23362,RB0B0810041,1084
23363,RB0B0835333,1083
23364,RB0B0835333,1084
23365,RB0B0810377,1083
23366,RB0B0810377,1084
23367,RB0B0915623,1125
23368,RB0B0915623,1126
23369,RB0B0915623,1127
23370,RB0B0915623,1128
23371,RB0B0915623,1144
23372,RB0B0915564,1125
23373,RB0B0915564,1126
23374,RB0B0915564,1127
23375,RB0B0915564,1128
23376,RB0B0915564,1144
23377,RB0B0915659,1125
23378,RB0B0915659,1126
23379,RB0B0915659,1127
23380,RB0B0915659,1128
23381,RB0B0915659,1144
23382,RB0B0915707,1125
23383,RB0B0915707,1126
23384,RB0B0915707,1127
23385,RB0B0915707,1128
23386,RB0B0915707,1144
23387,PB0B0812656,1142
23388,PB0B0812656,1143
23389,DB0B0826493,1173
23391,RB0B0903419,1175
23392,RB0B0903419,1176
23393,RB0B0903419,1177
23394,RB0B0903419,1178
23395,RB0B0877699,1179
23396,DB0B0828852,1179
23397,DB0B0915657,1179
23398,PB0B0921467,1180
23399,RB0B0915702,1108
23400,DB0B0810091,1108
23401,DB0B0898898,1108
23402,DB0B0915702,1109
23403,DB0B0810091,1109
23404,DB0B0898898,1109
23405,RB0B0915702,1110
23406,DB0B0810091,1110
23407,DB0B0898898,1110
23408,DB0B0826287,1181
23409,RB0B0826287,1182
23410,RB0B0826287,1183
23411,RB0B0826287,1184
23412,RB0B0826287,1185
23413,RB0B0826287,1186
23414,RB0B0826287,1187
23415,RB0B0826287,1188
23416,DB0B0915592,1154
23417,DB0B0915592,1155
23418,DB0B0915592,1156
23419,RB0B0915593,1154
23420,RB0B0915593,1155
23421,DB0B0915593,1156
23422,DB0B0915614,1154
23423,DB0B0915614,1155
23424,DB0B0915614,1156
23425,DB0B0915677,1154
23426,DB0B0915677,1155
23427,DB0B0915677,1156
23428,DB0B0915668,1154
23429,DB0B0915668,1155
23430,DB0B0915668,1156
23431,DB0B0915694,1154
23432,DB0B0915694,1155
23433,RB0B0915694,1156
23434,DB0B0826437,1154
23435,DB0B0826437,1155
23436,RB0B0826437,1156
23437,RB0B0818676,1189
23438,DB0B0915677,1
23439,DB0B0915668,1
23440,localhost,1190
23441,localhost,1191
23442,localhost,1192
23443,localhost,1193
23444,DB0B0813575,1194
23445,DB0B0813575,1195
23446,DB0B0813575,1197
23447,DB0B0813575,1198
23448,DB0B0813575,1199
23449,DB0B0813575,1200
23450,DB0B0813575,1201
23451,DB0B0813575,1196
23452,DB0B0826203,1195
23453,DB0B0826203,1197
23454,DB0B0826203,1198
23455,DB0B0826203,1199
23456,DB0B0826207,1200
23457,DB0B0826203,1201
23458,DB0B0826203,1194
23459,DB0B0826203,1196
23460,DB0B0810284,1197
23461,DB0B0810284,1198
23462,DB0B0810284,1199
23463,DB0B0810290,1200
23464,DB0B0810291,1201
23465,DB0B0810284,1194
23466,DB0B0810284,1195
23467,DB0B0810284,1196
23468,DB0B0903344,1202
23469,DB0B0903344,1203
23470,DB0B0903344,1204
23471,DB0B0903344,1205
23472,DB0B0810032,1206
23473,DB0B0810030,1206
23474,DB0B0826352,1206
23475,DB0B0813279,1206
23476,DB0B0809877,1206
23477,DB0B0810032,1207
23478,DB0B0810030,1207
23479,DB0B0826352,1207
23480,DB0B0813279,1207
23481,DB0B0809877,1207
23482,DB0B0810032,1208
23483,DB0B0810030,1208
23484,DB0B0826352,1208
23485,DB0B0813279,1208
23486,DB0B0809877,1208
23487,DB0B0810032,1209
23488,DB0B0810030,1209
23489,DB0B0826352,1209
23490,DB0B0813279,1209
23491,DB0B0809877,1209
23492,DB0B0810032,1210
23493,DB0B0810030,1210
23494,DB0B0826352,1210
23495,DB0B0813279,1210
23496,DB0B0809877,1210
23497,DB0B0810032,1211
23498,DB0B0810030,1211
23499,DB0B0826352,1211
23500,DB0B0813279,1211
23501,DB0B0809877,1211
23502,DB0B0810032,1212
23503,DB0B0810030,1212
23504,DB0B0826352,1212
23505,DB0B0813279,1212
23506,DB0B0809877,1212
23512,RB0B0915578,1139
23513,RB0B0915578,1140
23514,RB0B0915578,1138
23515,RB0B0915578,1142
23516,RB0B0915578,1143
23517,RB0B0830131,1213
23518,RB0B0830131,1214
23519,RB0B0830131,1215
23520,RB0B0830131,1216
23521,RB0B0830131,1217
23522,RB0B0830131,1218
23523,RB0B0830131,1219
23524,DB0B0815071,1213
23525,DB0B0815071,1214
23526,DB0B0815071,1215
23527,DB0B0815071,1216
23528,DB0B0815071,1217
23529,DB0B0815071,1218
23530,DB0B0815071,1219
23531,RB0B0830084,1213
23532,RB0B0830084,1214
23533,RB0B0830084,1215
23534,RB0B0830084,1216
23535,RB0B0830084,1217
23536,RB0B0830084,1218
23537,RB0B0830084,1219
23538,RB0B0915528,1220
23539,RB0B0915528,1221
23540,RB0B0915528,1222
23541,RB0B0915528,1223
23542,RB0B0915528,1224
23543,RB0B0915528,1225
23544,DB0B0915703,1220
23545,DB0B0915703,1221
23546,DB0B0915703,1222
23547,DB0B0915703,1223
23548,DB0B0915703,1224
23549,DB0B0915703,1225
23550,RB0B0915578,1141
23551,VDICLDAPDCED059,1226
23552,RB0B0915531,1227
23553,DB0B0800329,1228
23554,RB0B0898987,1229
23555,RB0B0898987,1230
23556,RB0B0898987,1231
23557,RB0B0898987,1232
23558,RB0B0898987,1233
23559,RB0B0902366,1229
23560,RB0B0902366,1230
23561,RB0B0902366,1231
23562,RB0B0902366,1232
23563,RB0B0902366,1233
23574,RB0B0899261,1239
23575,RB0B0899261,1240
23576,RB0B0899261,1241
23577,RB0B0899261,1242
23578,RB0B0899261,1243
23579,RB0B0899261,1244
23580,RB0B0899261,1245
23581,RB0B0899261,1246
23582,RB0B0810054,1239
23583,RB0B0810054,1240
23584,RB0B0810054,1241
23585,RB0B0810054,1242
23586,RB0B0810054,1243
23587,RB0B0810054,1244
23588,RB0B0810054,1245
23589,RB0B0810054,1246
23590,DB0B0915680,1239
23591,DB0B0915680,1240
23592,DB0B0915680,1241
23593,DB0B0915680,1242
23594,DB0B0915680,1243
23595,DB0B0915680,1244
23596,DB0B0915680,1245
23597,DB0B0915680,1246
23598,DB0B0829593,1247
23599,RB0B0902664,1069
23600,RB0B0902664,1066
23601,RB0B0902664,1067
23602,RB0B0902664,1068
23603,DB0B0826441,1248
23604,DB0B0826441,1249
23605,DB0B0826441,1250
23606,DB0B0826441,1251
23607,DB0B0826441,1252
23608,DB0B0826441,1253
23609,DB0B0826441,1254
23610,DB0B0826441,1255
23611,DB0B0826441,1256
23612,DB0B0826441,1257
23613,DB0B0826548,1258
23614,DB0B0879263,1258
23615,DB0B0915549,433
23616,DB0B0915549,434
23617,DB0B0915708,435
23618,DB0B0915708,478
23619,DB0B0915708,479
23620,DB0B0915708,480
23621,DB0B0915708,481
23622,DB0B0915683,433
23623,DB0B0915683,434
23624,DB0B0915683,435
23625,DB0B0915683,478
23626,DB0B0915683,479
23627,DB0B0915683,480
23628,DB0B0915683,481
23629,DB0B0813575,1259
23630,DB0B0826203,1259
23631,DB0B0810284,1259
23632,DB0B0915647,1194
23633,DB0B0915647,1195
23634,DB0B0915647,1196
23635,DB0B0915647,1197
23636,DB0B0915647,1198
23637,DB0B0915647,1199
23638,DB0B0915647,1201
23639,DB0B0915528,1194
23640,DB0B0915528,1195
23641,DB0B0915528,1196
23642,DB0B0915528,1197
23643,DB0B0915528,1198
23644,DB0B0915528,1199
23645,DB0B0915528,1201
23646,DB0B0915627,1194
23647,DB0B0915627,1195
23648,DB0B0915627,1196
23649,DB0B0915627,1197
23650,DB0B0915627,1198
23651,DB0B0915627,1199
23652,DB0B0915627,1201
23653,RB0B0903121,1260
23654,RB0B0903121,1261
23655,RB0B0903121,1262
23656,RB0B0903121,1263
23657,RB0B0903121,1264
23658,DB0B0903139,1260
23659,DB0B0903139,1261
23660,DB0B0903139,1262
23661,DB0B0903139,1263
23662,DB0B0903139,1264
23663,DB0B0915658,1265
23664,DB0B0915658,1266
23665,DB0B0915658,1267
23666,DB0B0915658,1268
23667,DB0B0915658,1270
23668,DB0B0915658,1269
23669,DB0B0915673,1265
23670,DB0B0915673,1266
23671,DB0B0915673,1267
23672,DB0B0915673,1268
23673,DB0B0915673,1270
23674,DB0B0915673,1269
23675,RB0B0915671,606
23676,RB0B0915678,606
23677,RB0B0915671,607
23678,RB0B0915678,607
23679,RB0B0915671,608
23680,RB0B0915678,608
23681,RB0B0915671,609
23682,RB0B0915678,609
23683,RB0B0915671,610
23684,RB0B0915678,610
23685,RB0B0915671,611
23686,RB0B0915678,611
23687,RB0B0915616,1271
23688,RB0B0915675,1271
23689,RB0B0915616,1272
23690,RB0B0915675,1272
23691,RB0B0915616,1273
23692,RB0B0915675,1273
23693,RB0B0915616,1274
23694,RB0B0915675,1274
23695,RB0B0915616,1275
23696,RB0B0915675,1275
23697,RB0B0915616,1276
23698,RB0B0915675,1276
23699,RB0B0915616,1277
23700,RB0B0915675,1277
23701,DB0B0915607,1278
23702,DB0B0915648,1279
23703,DB0B0915607,1280
23704,RB0B0915599,1139
23705,RB0B0915649,1139
23706,RB0B0915579,1139
23707,RB0B0915577,1139
23708,RB0B0915582,1139
23709,RB0B0915581,1139
23710,RB0B0915600,1139
23711,DB0B0915619,1139
23712,RB0B0915590,1139
23713,RB0B0915530,1139
23714,RB0B0915622,1139
23715,RB0B0915609,1139
23716,RB0B0915608,1139
23717,RB0B0915638,1139
23718,RB0B0915617,1139
23719,RB0B0915624,1139
23720,RB0B0915628,1139
23721,RB0B0915598,1139
23722,RB0B0915646,1139
23723,RB0B0915588,1139
23724,RB0B0915591,1139
23725,RB0B0915571,1139
23726,RB0B0915540,1139
23727,RB0B0915630,1139
23728,RB0B0915580,1139
23729,RB0B0915583,1139
23730,RB0B0915575,1139
23731,RB0B0915606,1139
23732,RB0B0915636,1139
23733,DB0B0915585,1139
23734,RB0B0915599,1140
23735,RB0B0915649,1140
23736,RB0B0915579,1140
23737,RB0B0915577,1140
23738,RB0B0915582,1140
23739,RB0B0915581,1140
23740,RB0B0915600,1140
23741,DB0B0915619,1140
23742,RB0B0915590,1140
23743,RB0B0915530,1140
23744,RB0B0915622,1140
23745,RB0B0915609,1140
23746,RB0B0915608,1140
23747,RB0B0915638,1140
23748,RB0B0915617,1140
23749,RB0B0915624,1140
23750,RB0B0915628,1140
23751,RB0B0915598,1140
23752,RB0B0915646,1140
23753,RB0B0915588,1140
23754,RB0B0915591,1140
23755,RB0B0915571,1140
23756,RB0B0915540,1140
23757,RB0B0915630,1140
23758,RB0B0915580,1140
23759,RB0B0915583,1140
23760,RB0B0915575,1140
23761,RB0B0915606,1140
23762,RB0B0915636,1140
23763,DB0B0915585,1140
23764,DB0B0915599,1141
23765,DB0B0915649,1141
23766,DB0B0915579,1141
23767,DB0B0915577,1141
23768,DB0B0915582,1141
23769,DB0B0915581,1141
23770,DB0B0915600,1141
23771,DB0B0915619,1141
23772,DB0B0915590,1141
23773,DB0B0915530,1141
23774,DB0B0915622,1141
23775,DB0B0915609,1141
23776,DB0B0915608,1141
23777,DB0B0915638,1141
23778,DB0B0915617,1141
23779,DB0B0915624,1141
23780,DB0B0915628,1141
23781,DB0B0915598,1141
23782,DB0B0915646,1141
23783,DB0B0915588,1141
23784,DB0B0915591,1141
23785,DB0B0915571,1141
23786,DB0B0915540,1141
23787,DB0B0915630,1141
23788,DB0B0915583,1141
23789,DB0B0915583,1141
23790,DB0B0915575,1141
23791,DB0B0915606,1141
23792,DB0B0915636,1141
23793,DB0B0915585,1141
23794,DB0B0915599,1142
23795,DB0B0915649,1142
23796,DB0B0915579,1142
23797,DB0B0915577,1142
23798,DB0B0915582,1142
23799,DB0B0915581,1142
23800,DB0B0915600,1142
23801,DB0B0915619,1142
23802,DB0B0915590,1142
23803,DB0B0915530,1142
23804,DB0B0915622,1142
23805,DB0B0915609,1142
23806,DB0B0915608,1142
23807,DB0B0915638,1142
23808,DB0B0915617,1142
23809,DB0B0915624,1142
23810,DB0B0915628,1142
23811,DB0B0915598,1142
23812,DB0B0915646,1142
23813,RB0B0915588,1142
23814,DB0B0915591,1142
23815,DB0B0915571,1142
23816,DB0B0915540,1142
23817,DB0B0915630,1142
23818,DB0B0915583,1142
23819,RB0B0915583,1142
23820,DB0B0915575,1142
23821,DB0B0915606,1142
23822,DB0B0915636,1142
23823,DB0B0915585,1142
23824,DB0B0915599,1143
23825,DB0B0915649,1143
23826,DB0B0915579,1143
23827,DB0B0915577,1143
23828,DB0B0915582,1143
23829,DB0B0915581,1143
23830,DB0B0915600,1143
23831,DB0B0915619,1143
23832,DB0B0915590,1143
23833,DB0B0915530,1143
23834,DB0B0915622,1143
23835,DB0B0915609,1143
23836,DB0B0915608,1143
23837,DB0B0915638,1143
23838,DB0B0915617,1143
23839,DB0B0915624,1143
23840,DB0B0915628,1143
23841,DB0B0915598,1143
23842,DB0B0915646,1143
23843,DB0B0915588,1143
23844,DB0B0915591,1143
23845,DB0B0915571,1143
23846,DB0B0915540,1143
23847,DB0B0915630,1143
23848,DB0B0915583,1143
23849,DB0B0915583,1143
23850,DB0B0915575,1143
23851,DB0B0915606,1143
23852,DB0B0915636,1143
23853,DB0B0915585,1143
23854,DB0B0915599,1138
23855,DB0B0915649,1138
23856,DB0B0915579,1138
23857,DB0B0915577,1138
23858,DB0B0915582,1138
23859,DB0B0915581,1138
23860,DB0B0915600,1138
23861,DB0B0915619,1138
23862,DB0B0915590,1138
23863,DB0B0915530,1138
23864,DB0B0915622,1138
23865,DB0B0915609,1138
23866,DB0B0915608,1138
23867,DB0B0915638,1138
23868,DB0B0915617,1138
23869,DB0B0915624,1138
23870,DB0B0915628,1138
23871,DB0B0915598,1138
23872,DB0B0915646,1138
23873,DB0B0915588,1138
23874,DB0B0915591,1138
23875,DB0B0915571,1138
23876,DB0B0915540,1138
23877,DB0B0915630,1138
23878,DB0B0915583,1138
23879,DB0B0915583,1138
23880,DB0B0915575,1138
23881,DB0B0915606,1138
23882,DB0B0915636,1138
23883,DB0B0915585,1138
23884,DB0B0915602,1281
23885,DB0B0915602,1282
23886,DB0B0915602,1283
23887,DB0B0915602,1284
23888,DB0B0915602,1285
23889,DB0B0915602,1286
23890,DB0B0915602,1287
23891,RB0B0915572,1281
23892,RB0B0915572,1282
23893,RB0B0915572,1283
23894,RB0B0915572,1284
23895,RB0B0915572,1285
23896,RB0B0915572,1286
23897,RB0B0915572,1287
23898,DB0B0915612,1288
23899,DB0B0915612,1289
23900,DB0B0915612,1290
23901,DB0B0915612,1291
23902,DB0B0915612,1292
23903,DB0B0915610,1288
23904,DB0B0915610,1289
23905,DB0B0915610,1290
23906,DB0B0915610,1291
23907,DB0B0915610,1292
23908,DB0B0915584,1288
23909,DB0B0915584,1289
23910,DB0B0915584,1290
23911,DB0B0915584,1291
23912,DB0B0915584,1292
23913,DB0B0915538,1294
23914,DB0B0915538,1295
23915,RB0B0915552,1294
23916,RB0B0915552,1295
23919,VDICLDAPDCED054,1299
23920,RB0B0899251,1300
23921,RB0B0899251,1301
23922,RB0B0899251,1302
23923,RB0B0899251,1303
23924,RB0B0899251,1304
23925,RB0B0902539,1300
23926,RB0B0902539,1301
23927,RB0B0902539,1302
23928,RB0B0902539,1303
23929,RB0B0902539,1304
23930,DB0B0915620,1300
23931,DB0B0915620,1301
23932,DB0B0915620,1302
23933,DB0B0915620,1303
23934,DB0B0915620,1304
23935,DB0B0902528,1305
23936,RB0B0915532,1271
23937,RB0B0915532,1273
23938,RB0B0915532,1276
23939,RB0B0915532,1277
23940,RB0B0915653,1271
23941,RB0B0915653,1273
23942,RB0B0915653,1276
23943,RB0B0915653,1277
23944,RB0B0915664,1306
23945,RB0B0915664,1307
23946,RB0B0915664,1308
23947,RB0B0915664,1309
23948,RB0B0915662,1306
23949,RB0B0915662,1307
23950,RB0B0915662,1308
23951,RB0B0915662,1309
23952,DB0B0915518,182
23953,RB0B0915687,1310
23954,RB0B0915687,1311
23955,RB0B0915687,1312
23956,RB0B0915687,1313
23957,RB0B0915687,1314
23958,RB0B0915687,1315
23959,RB0B0915687,1316
23960,RB0B0915687,1317
23961,RB0B0915687,1318
23962,RB0B0915651,1310
23963,RB0B0915651,1311
23964,RB0B0915651,1312
23965,RB0B0915651,1313
23966,RB0B0915651,1314
23967,RB0B0915651,1315
23968,RB0B0915651,1316
23969,RB0B0915651,1317
23970,RB0B0915651,1318
23971,RB0B0915641,1310
23972,RB0B0915641,1311
23973,RB0B0915641,1312
23974,RB0B0915641,1313
23975,RB0B0915641,1314
23976,RB0B0915641,1315
23977,RB0B0915641,1316
23978,RB0B0915641,1317
23979,RB0B0915641,1318
23980,DB0B0915538,1310
23981,DB0B0915538,1311
23982,DB0B0915538,1312
23983,DB0B0915538,1313
23984,DB0B0915538,1314
23985,DB0B0915538,1315
23986,DB0B0915538,1316
23987,DB0B0915538,1317
23988,DB0B0915538,1318
23989,DB0B0915584,1310
23990,DB0B0915584,1311
23991,DB0B0915584,1312
23992,DB0B0915584,1313
23993,DB0B0915584,1314
23994,DB0B0915584,1315
23995,DB0B0915584,1316
23996,DB0B0915584,1317
23997,DB0B0915584,1318
23998,RB0B0915596,1319
23999,RB0B0915596,1320
24000,RB0B0915596,1321
24001,RB0B0915596,1322
24002,RB0B0915596,1323
24003,RB0B0915596,1324
24004,RB0B0915596,1325
24005,RB0B0915596,1326
24006,RB0B0915596,1327
24007,RB0B0915596,1328
24008,RB0B0915596,1329
24009,RB0B0915596,1330
24010,RB0B0915596,1331
24011,RB0B0915596,1332
24012,RB0B0915596,1333
24013,RB0B0915613,1319
24014,RB0B0915613,1320
24015,RB0B0915613,1321
24016,RB0B0915613,1322
24017,RB0B0915613,1323
24018,RB0B0915613,1324
24019,RB0B0915613,1325
24020,RB0B0915613,1326
24021,RB0B0915613,1327
24022,RB0B0915613,1328
24023,RB0B0915613,1329
24024,RB0B0915613,1330
24025,RB0B0915613,1331
24026,RB0B0915613,1332
24027,RB0B0915613,1333
24028,RB0B0872639,1319
24029,RB0B0872639,1320
24030,RB0B0872639,1321
24031,RB0B0872639,1322
24032,RB0B0872639,1323
24033,RB0B0872639,1324
24034,RB0B0872639,1325
24035,RB0B0872639,1326
24036,RB0B0872639,1327
24037,RB0B0872639,1328
24038,RB0B0872639,1329
24039,RB0B0872639,1330
24040,RB0B0872639,1331
24041,RB0B0872639,1332
24042,RB0B0872639,1333
24043,RB0B0835348,1334
24044,RB0B0835348,1335
24045,RB0B0835348,1334
24046,RB0B0835348,1335
24047,RB0B0915626,1336
24048,db0b0915626,1337
24049,db0b0915626,1338
24050,db0b0915626,1339
24051,db0b0915626,1340
24052,RB0B0915626,1341
24053,RB0B0915626,1342
24054,RB0B0915626,1343
24055,RB0B0915626,1344
24056,RB0B0915618,1336
24057,RB0B0915618,1337
24058,RB0B0915618,1338
24059,RB0B0915618,1339
24060,RB0B0915618,1340
24061,RB0B0915618,1341
24062,RB0B0915618,1342
24063,RB0B0915618,1343
24064,RB0B0915618,1344
24065,RB0B0915573,1336
24066,RB0B0915573,1337
24067,RB0B0915573,1338
24068,RB0B0915573,1339
24069,RB0B0915573,1340
24070,RB0B0915573,1341
24071,RB0B0915573,1342
24072,RB0B0915573,1343
24073,RB0B0915573,1344
24074,DB0B0826238,276
24075,DB0B0826238,277
24076,RB0B0915574,1345
24077,RB0B0915574,1346
24078,RB0B0915574,1347
24079,RB0B0915574,1348
24080,RB0B0915574,1349
24081,RB0B0915574,1350
24082,RB0B0915589,1345
24083,RB0B0915589,1346
24084,RB0B0915589,1347
24085,RB0B0915589,1348
24086,RB0B0915589,1349
24087,RB0B0915589,1350
24088,RB0B0915587,1345
24089,RB0B0915587,1346
24090,RB0B0915587,1347
24091,RB0B0915587,1348
24092,RB0B0915587,1349
24093,RB0B0915587,1350
24094,RB0B0915654,1351
24095,RB0B0915654,1352
24096,RB0B0915654,1353
24097,RB0B0915654,1354
24098,db0b0915525,1351
24099,db0b0915525,1352
24100,db0b0915525,1353
24101,db0b0915525,1354
24102,RB0B0915519,1355
24103,RB0B0915519,1356
24104,RB0B0915519,1357
24105,RB0B0915519,1358
24106,RB0B0915561,1355
24107,RB0B0915561,1356
24108,RB0B0915561,1357
24109,RB0B0915561,1358
24110,DB0B0915559,1355
24111,DB0B0915559,1356
24112,DB0B0915559,1357
24113,DB0B0915559,1358
24114,db0b0884585,1359
24115,DB0B0902567,1028
24116,RB0B0915666,1029
24117,RB0B0915666,1030
24118,DB0B0902567,1031
24119,RB0B0915666,1032
24120,RB0B0915666,1033
24121,RB0B0915666,1034
24122,RB0B0915666,1035
24123,DB0B0902567,1036
24124,DB0B0902567,1037
24125,DB0B0902567,1038
24126,DB0B0902567,1039
24127,DB0B0902567,1040
24128,DB0B0902567,1041
24129,DB0B0902567,1042
24130,DB0B0902567,1043
24131,DB0B0902567,1044
24132,DB0B0902567,1045
24133,RB0B0915666,1046
24134,RB0B0915666,1047
24135,RB0B0915666,1048
24136,RB0B0915666,1049
24138,RB0B0915666,1050
24139,RB0B0915666,1051
24140,RB0B0915666,1052
24141,RB0B0915666,1053
24142,RB0B0915666,1054
24143,RB0B0915666,1055
24144,RB0B0915666,1056
24145,DB0B0902564,1028
24146,DB0B0902564,1031
24147,RB0B0915637,1030
24148,RB0B0915637,1032
24149,RB0B0915637,1033
24150,DB0B0902564,1034
24151,RB0B0915637,1035
24152,RB0B0915637,1036
24153,RB0B0915637,1037
24154,RB0B0915637,1038
24155,RB0B0915637,1039
24156,RB0B0915637,1040
24157,RB0B0915637,1041
24158,DB0B0902564,1042
24159,DB0B0902564,1043
24160,DB0B0902564,1044
24161,RB0B0915637,1045
24162,RB0B0915637,1046
24163,RB0B0915637,1047
24164,RB0B0915637,1048
24165,RB0B0915637,1029
24166,RB0B0915637,1049
24167,RB0B0915637,1050
24168,RB0B0915637,1051
24169,RB0B0915637,1052
24170,RB0B0915637,1053
24171,RB0B0915637,1054
24172,RB0B0915637,1055
24173,RB0B0915637,1056
24174,RB0B0915546,1360
24175,RB0B0915546,1361
24176,RB0B0915566,1360
24177,RB0B0915566,1361
24178,RB0B0915555,1362
24179,RB0B0883158,1019
24180,RB0B0883158,1020
24181,RB0B0883158,1021
24182,RB0B0883158,1022
24183,RB0B0883158,1023
24184,RB0B0883158,1024
24185,VDICLDAPDCED039,1363
24186,VDICLDAPDCED043,1364
24187,VDICLDAPDCED040,1365
24188,RB0B0915567,1366
24189,RB0B0915567,1367
24190,RB0B0915567,1368
24191,RB0B0915567,1369
24192,RB0B0915567,1370
24193,RB0B0915567,1371
24194,RB0B0915567,1372
24195,db0b0915687,1373
24196,RB0B0915543,1366
24197,RB0B0915543,1367
24198,RB0B0915543,1368
24199,RB0B0915543,1369
24200,RB0B0915543,1370
24201,RB0B0915543,1371
24202,RB0B0915543,1372
24203,db0b0915543,1373
24204,RB0B0915568,1366
24205,RB0B0915568,1367
24206,RB0B0915568,1368
24207,RB0B0915568,1369
24208,RB0B0915568,1370
24209,RB0B0915568,1371
24210,RB0B0915568,1372
24211,db0b0915568,1373
24212,RB0B0915669,1374
24213,RB0B0915669,1375
24214,RB0B0915669,1376
24215,RB0B0915669,1377
24216,RB0B0915669,1378
24217,RB0B0915669,1379
24218,RB0B0915669,1380
24219,RB0B0915669,1381
24220,RB0B0915669,1382
24221,RB0B0915669,1383
24222,RB0B0915669,1384
24223,RB0B0915669,1385
24224,RB0B0915669,1386
24225,RB0B0915669,1387
24226,RB0B0915660,1374
24227,RB0B0915660,1375
24228,RB0B0915660,1376
24229,RB0B0915660,1377
24230,RB0B0915660,1378
24231,RB0B0915660,1379
24232,RB0B0915660,1380
24233,RB0B0915660,1381
24234,RB0B0915660,1382
24235,RB0B0915660,1383
24236,RB0B0915660,1384
24237,RB0B0915660,1385
24238,RB0B0915660,1386
24239,RB0B0915660,1387
24240,pb0b0572377,1388
24241,RB0B0835175,1389
24242,RB0B0835175,1390
24243,RB0B0835175,1391
24244,DB0B0872120,1392
24245,DB0B0872120,1393
24246,DB0B0872120,1394
24250,db0b0915615,1395
24251,DB0B0872121,1396
24252,DB0B0860667,1397
24253,DB0B0860667,1398
24254,DB0B0872201,949
24255,DB0B0872201,1397
24256,DB0B0872201,1398
24257,DB0B0818745,1399
24274,RB0B0878341,1401
24275,RB0B0878341,1402
24276,RB0B0878341,1403
24277,RB0B0903674,1401
24278,RB0B0903674,1402
24279,RB0B0903674,1403
24280,db0b0810000,1404
24281,db0b0810000,1405
24282,db0b0810000,1406
24283,db0b0810000,1407
24284,db0b0810000,1408
24285,db0b0810000,1409
24286,RB0B0872093,1404
24287,RB0B0872093,1405
24288,RB0B0872093,1406
24289,RB0B0872093,1407
24290,RB0B0872093,1408
24291,RB0B0872093,1409
24292,RB0B0902798,172
24293,RB0B0876063,1410
24294,RB0B0876063,1411
24295,RB0B0878969,1410
24296,RB0B0878969,1411
1,RB0B0870344,1
2,DB0B0915625,1
3,RB0B0829251,1
4,DB0B0902650,2
5,PB0B0817523,3
6,RB0B0915704,4
7,RB0B0898866,4
8,DB0B0835514,5
9,PB0B0826287,6
10,PB0B0829250,6
11,DB0B0802155,7
12,DB0L0854856,7
13,PB0L0760134,7
14,PB0L0768413,7
16,PB0B0826297,12
17,PB0B0812666,13
18,PB0B0811723,14
19,PB0B0811721,15
21,PB0B0817468,16
22,DB0B0835529,17
23,RB0B0872844,18
24,RB0B0876747,18
25,RB0B0879117,18
26,RB0B0879099,18
27,PB0B0912011,33
28,PB0B0912589,34
29,PB0L0855887,35
35,PB0B0817453,16
36,PB0B0901614,39
37,PB0B0800335,7
38,PB0B0800462,40
39,DB0B0828854,41
40,RB0B0835508,18
41,PB0B0812656,18
42,PB0B0812677,42
43,PB0B0560416,42
44,PB0B0812659,42
45,PB0B0812650,42
46,PB0B0800325,42
47,PB0B0813127,43
48,DB0B0915536,44
49,DB0B0828710,45
50,PB0B0800470,46
51,VDICLDAPDCED031,47
52,RB0B0828815,48
53,PB0B0871082,51
54,PB0B0871082,56
55,PB0B0800470,57
56,DB0B0802152,48
57,PB0B0813159,58
58,PB0B0560306,1
59,RB0B0882616,1
60,PB0B0564805,1
61,PB0L0754916,1
62,VDICLDAPDCED032,47
63,RB0B0810172,59
64,VDICLDAPDCED033,47
514,PB0B0571193,61
515,DB0B0818699,62
516,DB0B0810000,63
575,RB0B0915513,64
576,DB0L0867638,65
577,RB0B0877739,66
578,PB0B0813140,70
579,PB0l0855408,71
580,PB0l0855408,72
581,PB0l0855408,73
582,DB0B0826380,74
583,DB0B0826381,74
584,DB0B0826376,74
585,PB0B0812661,75
586,PB0B0813136,76
587,DB0B0828842,77
588,RB0B0915551,78
589,DB0B0826437,1
827,B0015CP1A,60
9771,PB0B0831394,79
9772,RB0B0810336,80
9773,PB0B0810924,81
9774,PB0B0813132,81
9775,PB0B0813114,82
9776,PB0B0892682,84
9777,DB0B0826484,85
9778,RB0B0826389,86
9779,RB0B0826389,87
9780,RB0B0826389,89
9781,RB0B0826389,88
9782,RB0B0903304,90
9783,RB0B0882304,91
9784,Rb0b0915558,92
9785,PB0B0813174,93
9786,RB0B0872619,94
9787,DB0B0873811,95
9788,PB0B0831398,96
9789,PB0B012648,92
9790,RB0B0872619,97
9791,RB0B0872619,98
9792,PB0B00564725,99
9793,PB0B00564725,100
9794,PB0B00564725,101
9795,PB0B00564725,102
9796,PB0B00564725,103
9797,PB0B00564725,104
9798,PB0B00564725,105
9800,PB0B0831417,107
9801,DB0B0809995,111
9802,DB0B0809994,108
9803,DB0B0828723,109
9804,DB0B0879123,109
9805,PB0B0817396,110
9806,PB0B00564725,106
9807,RB0B0835138,112
9810,RB0B0879840,115
9811,RB0B0876890,59
10001,DB0B0826385,117
10002,DB0B0826385,117
10003,DB0B0826385,118
10004,DB0B0826385,119
10005,DB0B0826385,120
10006,DB0B0826385,121
10007,DB0B0826385,122
10008,DB0B0826484,84
10009,DB0B0828779,109
10010,PB0B0812661,124
10011,PB0L00555330,125
10012,PB0L08555330,126
10013,DB0B0813496,127
10014,PB0B0813113,128
10015,DB0B0818745,129
10017,RB0B0874341,130
10018,RB0B0915604,130
10020,RB0B0834197,130
10021,DB0B0874331,130
10022,DB0B0835509,130
10023,RB0B0818685,130
10024,RB0B0878356,130
10025,RB0B0818685,130
10026,RB0B0810447,130
10027,RB0B0810476,130
10028,RB0B0874341,131
10029,DB0B0835518,131
10030,RB0B0826557,131
10031,DB0B0874331,131
10032,DB0B0835509,131
10033,RB0B0872161,131
10034,RB0B0878356,131
10035,RB0B0818685,131
10036,RB0B0810447,131
10037,RB0B0810476,131
10038,RB0B0874341,132
10039,DB0B0835518,132
10040,DB0B0835518,132
10041,DB0B0874331,132
10042,DB0B0835509,132
10043,RB0B0872161,132
10044,RB0B0878356,132
10045,DB0B0810473,132
10046,RB0B0810447,132
10047,RB0B0810476,132
10048,RB0B0826547,48
10049,RB0B0915611,48
10050,RB0B0826520,48
10051,DB0B0879225,133
10052,DB0B0872147,133
10053,DB0B0903397,133
10054,DB0B0902422,133
10055,DB0B0810529,133
10056,DB0B0810537,133
10057,DB0B0810490,133
10058,DB0B0810537,133
10059,DB0B0828710,134
10060,PB0B0571415,135
10061,PB0B0817389,135
10062,PB0B0813162,135
10063,PB0B0817416,135
10064,RB0B0915527,135
10065,PB0B0813126,135
10066,RB0B0874339,135
10067,RB0B0873832,135
10068,RB0B0802125,135
10069,DB0B0812112,136
10070,DB0B0876054,137
10071,RB0B0874356,115
10072,RB0B0828736,138
10073,DB0B0826385,139
10074,DB0B0826385,140
10075,DB0B0826385,141
10076,PB0B0810825,142
10077,DB0B0826548,143
10078,DB0B0563872,144
19926,DB0B0872178,145
19927,DB0B0872126,145
19928,VDIBDRPA004,146
19929,VDIBDRPA005,146
19930,VDIBDRPA006,146
19931,VDIBDRPA007,146
19932,VDIBDRPA008,146
19933,VDIBDRPA009,146
19934,VDIBDRPA010,146
19935,PB0B0812259,147
19936,PB0B0831433,148
19937,PB0B0831426,149
19938,PB0B0812637,150
19939,PB0B0870486,151
19940,DB0B0810046,152
19941,DB0B0810042,152
19942,PB0B0811860,153
19943,RB0B0828703,154
19944,PB0B0812691,155
19945,PB0B0812691,156
19946,PB0B0812691,157
19947,PB0B0812691,158
19948,DB0L0858710,159
19949,PB0B0817576,107
19950,DB0B0810021,107
19951,DF0F2520822,107
19952,DB0B0810046,107
19953,DB0B0810042,107
19954,RB0B0903133,160
19955,RB0B0872870,2
19956,RB0B0882616,161
19957,RB0B0915547,162
19958,PB0l0855825,163
19959,PB0B0800275,164
19960,PB0B0812656,167
19961,PB0B0812671,168
19962,DB0B0826494,169
19990,DB0B0810010,128
19991,DB0B0826266,170
19992,DB0l056190,171
19993,RB0B0915693,172
19994,VDICLDAPDCED005,173
19995,DB0B0915686,174
19996,DB0B0826442,107
19997,DB0B0826468,107
19998,DB0B0826441,107
19999,RB0B0826270,174
20000,DB0B0826293,175
20001,RB0B0826436,176
20002,RB0B0826556,130
20003,DB0B0826556,131
20004,DB0B0826556,132
20005,RB0B0878307,130
20006,RB0B0878307,131
20007,RB0B0878307,132
20008,RB0B0826546,130
20009,RB0B0826546,131
20010,RB0B0826546,132
20011,RB0B0826526,130
20012,RB0B0826526,131
20013,RB0B0826526,132
20014,RB0B0829253,174
20015,RB0B0826365,174
20016,DB0B0826301,135
20017,RB0B0835712,135
20018,RB0B0835712,135
20019,RB0B0884559,135
20020,DB0B0826256,177
20021,DB0B0818717,1
20022,RB0B0826481,1
20023,DB0B0915614,1
20024,PB0B0831399,178
20025,PB0B0571379,179
20026,DB0B0828801,74
20027,DB0B0828690,167
20028,RB0B0828701,167
20029,DB0B0829593,180
20030,DB0B0826443,181
20031,DB0B0826304,181
20032,VDICLDAPDCED010,182
20033,DP000013964,183
20034,DB0B0873833,74
20464,DB0B0826469,184
20465,DB0B0826263,15
20466,DB0B0826264,15
20467,DB0B0826669,15
20468,DB0B0826292,15
20469,PB0B0900449,185
20472,DB0B0826300,204
20473,PB0B0831408,204
20474,PB0B0560868,204
20476,DB0B0830136,204
20477,PB0B0818025,204
20478,PB0B0564525,204
20479,PB0B0571246,204
20480,DB0B0830111,204
20481,PB0B0817430,204
20482,PB0B0564828,204
20483,PB0B0831394,205
20492,DB0B0826466,206
20493,DB0B0813357,207
20494,DB0B0813357,208
20495,DB0B0873829,461
20496,DB0B0826289,210
20542,RB0B0000000,211
20543,RB0B0876695,212
20544,DB0B0898898,213
20545,DB0B0879129,214
20546,DB0B0826314,215
20547,DB0B0826549,216
20548,RB0B0810077,217
20549,RB0B0915667,18
20550,RB0B0879048,18
20551,RB0B0872127,18
20552,RB0B0830116,218
20553,RB0B0878260,18
20554,PB0B0831430,219
20555,DB0B0834177,130
20556,RB0B0834163,130
20557,RB0B0834178,130
20558,RB0B0834198,130
20559,RB0B0834193,130
20560,RB0B0873805,130
20561,RB0B0834197,130
20562,RB0B0834219,130
20563,DB0B0834184,130
20564,RB0B0834218,130
20567,DB0L0858453,223
20568,DB0L0860816,224
20569,VDICLDAPDCED005,225
20570,DB0B0809976,226
20571,RB0L0861994,218
20572,RB0B0826375,218
20573,RB0B0830119,218
20574,PB0B0813146,229
20575,RB0B0826540,130
20576,RB0B0826540,131
20577,RB0B0826540,132
20578,RB0B0915570,130
20579,RB0B0915570,131
20580,RB0B0915570,132
20581,RB0B0826557,130
20582,RB0B0826557,131
20583,DB0B0826557,132
20584,RB0B0826559,130
20585,RB0B0826559,131
20586,RB0B0826559,132
20587,VDICLDAPDCED055,230
20588,DB0B0812112,231
20589,DB0B0826488,232
20590,DB0B0826488,233
20591,DB0B0826488,234
20592,DB0B0826488,235
20593,DB0B0826488,236
20596,DB0B0828849,232
20597,DB0B0828849,233
20598,DB0B0828849,234
20599,DB0B0828849,235
20600,DB0B0828849,236
20601,DB0L0860816,237
20602,DB0L0860816,238
20603,RB0B0828805,239
20604,DV0V0507117,244
20605,DB0B0834177,131
20606,RB0B0834163,131
20607,RB0B0834178,131
20608,DB0B0834198,131
20609,DB0B0834193,131
20610,DB0B0834185,131
20611,DB0B0834197,131
20612,DB0B0834219,131
20613,DB0B0834184,131
20614,DB0B0834218,131
20615,DB0B0834177,132
20616,DB0B0834163,132
20617,DB0B0834178,132
20618,DB0B0834198,132
20619,DB0B0834193,132
20620,DB0B0834185,132
20621,RB0B0834197,132
20622,RB0B0834219,132
20623,DB0B0834184,132
20624,DB0B0834218,132
20625,PB0B0813177,130
20626,RB0B0915570,131
20627,PB0B0813177,132
20628,DB0B0873795,130
20629,DB0B0873795,131
20630,DB0B0873795,132
20631,DB0B0873821,245
20633,PB0B0826360,6
20634,PB0B0564911,246
20635,DB0L0860704,48
20636,DB0B0826543,247
20637,DB0B0828794,248
20638,DB0L0860140,249
20639,DB0B0915635,250
20640,DB0B0915597,250
20641,DB0L0860816,251
20642,DB0B0563872,252
20644,RB0B0826292,254
20645,PB0B0802123,255
20646,PB0B0802123,256
20647,DB0B0879126,257
20648,DB0B0879126,258
20649,DB0B0879126,259
20650,PB0B0812677,255
20651,PB0B0812677,256
20652,PB0B0812677,257
20653,PB0B0810827,258
20654,PB0B0810827,259
20655,PB0B0572097,255
20656,PB0B0560416,256
20657,PB0B0572097,257
20658,PB0B0572097,258
20659,PB0B0572097,259
20660,PB0B0812659,255
20661,PB0B0812659,256
20662,DB0B0902421,257
20663,DB0B0902421,258
20664,DB0B0902421,259
20665,PB0B0812650,255
20666,PB0B0812650,256
20667,DB0B0915663,257
20668,DB0B0915663,258
20669,DB0B0915663,259
20670,PB0B0571536,255
20671,PB0B0571536,256
20672,DB0B0810487,257
20673,DB0B0810487,258
20674,DB0B0810487,259
20675,PB0B0826891,255
20676,PB0B0826891,256
20677,PB0B0826891,257
20678,PB0B0826891,258
20679,PB0B0826891,259
20680,PB0B0810842,81
20681,PB0B0572377,260
20682,PB0B0813142,261
20683,DB0B0903036,262
20684,DB0B0828742,263
20685,PB0B0571196,264
20686,RB0B0876642,112
20687,DB0L0854875,265
20688,DB0L0854875,266
20689,DB0L0854875,267
20690,DB0B0835511,268
20691,DB0B0835511,269
20692,DB0B0835511,270
20693,DB0B0835511,271
20694,DB0B0835511,272
20695,DB0B0835511,273
20696,DB0B0835511,274
20697,DB0B0835529,275
20698,RB0B0828668,276
20699,RB0B0828847,277
20700,RB0B0915516,277
20701,RB0B0899260,277
20702,RB0B0876031,278
20703,DB0B0810383,262
20704,VDICLDAPDCED055,279
20705,PB0B0572162,281
20706,PB0B0800330,281
20707,PB0B0572162,282
20708,PB0B0800330,282
20709,DB0B0872178,283
20710,DB0B0872126,283
20711,PB0B0572162,284
20712,PB0B0800330,284
20713,DB0B0915536,285
20714,DB0B0915536,286
20715,DB0B0915536,287
20716,DP000013964,288
20717,DB0B0826543,289
20718,PB0B0817453,3
20726,RB0B0915520,292
20727,RB0B0915520,293
20728,RB0B0915520,294
20729,DB0B0826543,296
20730,DB0B0915682,297
20731,DB0B0915682,462
20732,DB0B0915682,463
20733,DB0B0915682,464
20734,DB0B0828753,297
20735,DB0B0815081,462
20736,DB0B0872153,290
20737,DB0B0872153,291
20738,DB0B0835525,290
20739,DB0B0835525,291
20740,DB0B0883114,299
20741,DB0B0903455,298
20743,DB0B0874337,300
20744,VDICLDAPDCED013,301
20745,VDIBCPAAA26,300
20746,VDICLDAPDCED014,301
20747,DB0B0810297,302
20748,DB0B0810297,303
20749,DB0B0810297,304
20750,DB0B0810297,305
20751,RB0B0873903,306
20752,RB0B0810004,306
20753,RB0B0903622,306
20754,RB0B0828781,306
20755,RB0B0872177,306
20756,RB0B0872125,306
20757,RB0B0872172,306
20758,RB0B0876536,306
20759,DB0B0826469,307
20760,DBP0075GBM,308
20761,RB0B0882598,311
20762,DB0B0835528,290
20763,DB0B0835528,291
20764,PB0B0812657,59
20765,PB0B0815723,312
20766,RB0B0835333,59
20767,PB0B0826797,314
20768,PB0B0826797,315
20769,PB0B0826797,316
20771,DB0B0809875,161
20773,DB0B0826277,162
20774,DB0B0810208,318
20775,DB0B0810259,328
20776,DB0B0835526,328
20777,RB0B0884607,18
20778,RB0B0877043,18
20779,PB0B0870547,342
20780,DB0B0810287,343
20781,DB0B0873810,341
20782,DB0B0873819,341
20783,DB0B0873834,341
20784,DB0L0563596,345
20785,DB0B0830065,347
20786,DB0B0830065,348
20787,DB0L0694591,350
20788,DB0B0872233,349
20789,PB0B0572196,255
20790,PB0B0572196,256
20791,PB0B0572196,257
20792,PB0B0572196,258
20793,PB0B0572196,259
20794,PB0B0564799,81
20795,PB0B0564849,81
20797,RB0B0810445,175
20798,DB0L0869499,175
20799,PB0B0572328,175
20800,DB0B0915524,250
20801,PB0B0564620,352
20802,PB0B0564620,353
20803,RB0B0915661,355
20804,DB0B0835514,356
20805,DB0B0835514,357
20806,DB0B0835514,358
20807,DB0B0835514,359
20808,DB0B0828692,360
20809,DB0B0810228,360
20810,DB0B0828688,360
20811,DB0B0835512,361
20812,DB0B0835512,362
20813,DB0B0835512,363
20814,PB0B0817758,365
20815,DB0B0873830,366
20816,DB0B0873830,367
20817,DB0B0873830,368
20818,DB0B0873830,369
20819,DB0B0826380,370
20820,DB0B0826380,371
20821,DB0B0826380,372
20822,DB0B0826380,373
20823,DB0B0826381,370
20824,DB0B0826381,371
20825,DB0B0826381,372
20826,DB0B0826381,373
20827,DB0B0826376,370
20828,DB0B0826376,371
20829,DB0B0826376,372
20830,DB0B0826376,373
20831,DB0B0873833,370
20832,DB0B0873833,371
20833,DB0B0873833,372
20834,DB0B0873833,373
20835,DB0B0828801,370
20836,DB0B0828801,371
20837,DB0B0828801,372
20838,DB0B0828801,373
20839,RB0B0828694,375
20840,DB0B0835517,268
20841,DB0B0835517,269
20842,DB0B0835517,270
20843,DB0B0835517,271
20844,DB0B0835517,272
20845,DB0B0835517,273
20846,DB0B0835517,274
20847,DB0B0835511,268
20848,DB0B0835511,269
20849,DB0B0835511,270
20850,DB0B0835511,271
20851,DB0B0835511,272
20852,DB0B0835511,273
20853,DB0B0835511,274
20854,DB0B0835524,268
20855,DB0B0835524,269
20856,DB0B0835524,270
20857,DB0B0835524,271
20858,DB0B0835524,272
20859,DB0B0835524,273
20860,DB0B0835524,274
20861,RB0B0902477,376
20862,DB0B0829945,378
20863,PB0B0815723,380
20864,PB0B0815723,381
20865,RB0B0828805,382
20866,DB0B0828805,383
20867,RB0B0828805,384
20868,RB0B0828805,385
20869,DB0B0873822,382
20870,DB0B0873822,383
20871,DB0B0873822,384
20872,DB0B0873822,385
20873,DB0B0873822,239
20874,DB0B0802120,394
20875,PB0B0572328,394
20876,DB0L0869736,394
20877,RB0B0810445,394
20878,PB0B0564887,395
20879,PB0B0564887,295
20880,DB0B0899192,396
20881,DB0B0874340,263
20882,DB0B0813566,400
20883,DB000563709,401
20884,DB0B0835520,402
20885,DB0B0874336,402
20887,DB0B0809994,403
20888,DB0B0829490,406
20889,DB0B0829490,407
20890,DB0B0829490,408
20891,DB0B0829490,409
20892,DB0B0873828,328
20893,DB0B0828851,328
20894,DB0B0879111,318
20895,DB0B0874346,162
20896,DB0B0835521,410
20897,DB0B0835521,411
20898,DB0B0835521,412
20899,DB0B0879827,413
20900,DB0B0829593,415
20901,RB0B0882926,417
20902,DB0B0835529,420
20903,DB0B0813524,421
20904,DB0B0915595,422
20905,DB0B0915595,423
20906,DB0B0915595,424
20907,DB0B0915595,425
20908,DB0B0915595,426
20909,DB0B0915595,427
20910,DB0L0869736,430
20911,DB0B0802120,430
20912,RB0L0869499,430
20913,PB0B0572328,430
20914,PB0B0817874,419
20915,DB0B0826556,418
20916,RB0B0878307,418
20917,PB0B0817775,428
20918,PB0B0817775,429
20919,DB0B0915595,431
20920,VDIBCPAAA06,300
20921,VDIBCPAAA19,300
20922,VDIBCPAAA02,300
20923,VDIBCPRPP039,300
20924,VDIBCPRPP024,300
20925,VDIBCPRPP015,300
20926,VDIBCPRPP045,300
20927,VDIBCPAAA27,300
20928,DB0B0878294,341
20929,DB0B0829250,341
20930,DB0B0879268,341
20931,DB0B0879121,341
20932,RB0B0872129,341
20933,VDIBCPRPP036,341
20934,VDIBCPRPP050,341
20935,VDIBCPRPP012,341
20936,DB0B0826543,432
20937,RB0B0902988,433
20938,RB0B0902988,434
20939,RB0B0902988,435
20940,RB0B0873831,436
20941,RB0B0873831,437
20942,RB0B0873831,438
20943,RB0B0874349,375
20944,DV0V0505097,439
20945,DV0V0505097,441
20946,DV0V0505097,442
20947,PB0B0874258,443
20948,PB0B0874258,444
20949,DB0B0829593,445
20950,DB0B0829593,446
20951,DP000014010,448
20952,DB0B0834170,449
20953,DB0B0810287,450
20954,DB0B0810287,451
20955,DB0B0835520,452
20956,DB0B0874336,452
20957,DB0B0835512,453
20958,DB0B0878537,454
20959,DB0B0829593,455
20960,B0811460,456
20961,PB0B0811858,291
20962,VDIBCPRAA044,291
20963,DB0B0874355,457
20964,DB0B0879109,457
20965,DB0B0874351,457
20966,DB0B0834177,457
20967,DB0B0874343,457
20968,DB0B0879114,457
20969,RB0B0882663,458
20970,RB0B0873826,459
20971,RB0B0872160,460
20972,RB0B0872141,459
20973,PB0B0873592,461
20974,DB0B0873814,461
20975,PB0B0837191,465
20976,RB0B0879108,18
20977,PB0B0813140,70
20978,PB0B0813140,467
20979,PB0B0813140,467
20980,PB0B0813140,468
20981,PB0B0813140,468
20982,PB0B0813140,469
20983,PB0B0813140,469
20984,PB0B0813140,470
20985,PB0B0813140,470
20986,PB0B0813140,471
20987,PB0B0813140,471
20988,PB0B0813140,472
20989,PB0B0813140,472
20990,PB0B0813140,473
20991,PB0B0813140,473
20992,PB0B0813140,474
20993,PB0B0813140,474
20994,PB0B0837191,475
20995,DBP0076GBM,476
20996,RB0B0915679,478
20997,RB0B0915679,479
20998,RB0B0915679,480
20999,RB0B0915679,481
21000,RB0B0879107,484
21001,RB0B0879107,482
21002,RB0B0876493,483
21003,RB0B0882462,485
21004,DB0B0826543,486
21005,DB0B0826543,487
21006,DB0B0826543,488
21007,DB0B0826543,489
21008,DB0B0826543,490
21009,DB0B0826543,491
21010,DB0B0826543,492
21011,DB0B0828830,493
21012,DB0B0828830,494
21013,DB0B0828830,495
21014,DB0B0828830,496
21015,DB0B0828830,497
21016,DB0B0828830,498
21017,PB0B0870659,494
21018,PB0B0870659,495
21019,PB0B0870659,496
21020,PB0B0870659,497
21021,PB0B0870659,498
21022,PB0B0571666,81
21023,PB0B0817576,81
21024,PB0B0831413,81
21025,PB0B0867321,81
21026,DB0B0810075,81
21028,DB0B0835523,500
21029,DB0B0915699,501
21030,RB0B0879107,485
21031,DB0B0874336,502
21032,DB0B0874336,503
21033,DB0B0874336,504
21034,DB0B0872159,505
21035,DB0B0872159,506
21036,DB0B0872159,507
21037,DB0B0874336,502
21038,DB0B0874336,503
21039,DB0B0874336,504
21040,DB0B0872159,505
21041,DB0B0872159,506
21042,DB0B0872159,507
21043,DB0B0809991,80
21044,DB0B0879262,508
21045,DB0B0879262,509
21046,DB0B0879273,508
21047,DB0B0879273,509
21048,RB0B0902242,511
21049,RB0B0902241,510
21050,RB0B0902241,512
21051,RB0B0902241,513
21052,DB0B0902241,514
21053,RB0B0902241,515
21054,PB0B0835993,516
21055,RB0B0902245,510
21056,RB0B0902245,512
21057,RB0B0902245,513
21058,RB0B0902245,514
21059,RB0B0902245,515
21060,RB0B0902245,516
21061,VDIBCPRPP021,510
21062,VDIBCPRPP013,512
21063,PB0B0835993,513
21064,VDIBCPRPP013,514
21065,PB0B0835993,515
21066,PB0B0835993,516
21067,VDIBCPRPP003,510
21068,VDIBCPRPP003,512
21069,PB0B0835993,513
21070,PB0B0835993,514
21071,PB0B0835993,515
21072,PB0B0835993,516
21073,VDIBCPRPP047,510
21074,VDIBCPRPP047,512
21075,PB0B0835993,513
21076,VDIBCPRPP047,514
21077,PB0B0835993,515
21078,PB0B0835993,516
21079,PB0B0835993,510
21080,PB0B0835993,512
21081,PB0B0835993,513
21082,PB0B0835993,514
21083,PB0B0835993,515
21084,PB0B0835993,516
21085,PB0B0835993,510
21086,PB0B0835993,512
21087,PB0B0835993,513
21088,PB0B0835993,514
21089,PB0B0835993,515
21090,PB0B0835993,516
21091,PB0B0835993,510
21092,PB0B0835993,512
21093,PB0B0835993,513
21094,PB0B0835993,514
21095,PB0B0835993,515
21096,PB0B0835993,516
21097,PB0B0835993,510
21098,PB0B0835993,512
21099,PB0B0835993,513
21100,PB0B0835993,514
21101,PB0B0835993,515
21102,PB0B0835993,516
21103,VDICLDAPDCED015,301
21104,VDICLDAPDCED016,301
21105,VDICLDAPDCED017,301
21106,VDICLDAPDCED018,301
21107,VDICLDAPDCED019,301
21108,VDICLDAPDCED020,301
21109,PB0B0571480,517
21110,RB0B0875967,518
21111,RB0B0875967,519
21112,RB0B0875967,520
21113,RB0B0875967,521
21114,PB0B0817407,522
21115,PB0B0817407,518
21116,PB0B0817407,519
21117,PB0B0817407,520
21118,PB0B0817407,521
21119,PB0B0571198,522
21120,DB0B0877741,508
21121,DB0B0879223,508
21122,DB0B0877741,509
21123,DB0B0879223,509
21124,DB0B0879262,523
21125,DB0B0879273,523
21126,DB0B0877741,523
21127,DB0B0879223,523
21129,RB0B0879081,524
21130,RB0B0876087,525
21131,RB0B0877721,525
21132,RB0B0877688,525
21133,RB0B0826487,525
21134,DBB0B0877698,526
21135,RB0B0879276,527
21136,DB0B0877726,527
21137,RB0B0879280,527
21138,RB0B0870301,527
21139,DB0B0879222,527
21140,DB0B0828773,528
21141,DB0B0828773,529
21142,DB0B0828773,530
21143,DB0B0828773,531
21144,DB0B0873810,528
21145,DB0B0873810,529
21146,DB0B0873810,530
21147,DB0B0873810,531
21148,DB0B0874337,533
21149,DB0B0874337,532
21150,PB0B0811493,534
21151,PB0B0829265,535
21152,DB0B0810383,535
21153,PB0B0564775,535
21154,DB0B0902424,4
21155,DB0B0800329,4
21156,DB0B0826277,533
21157,DB0B0835526,533
21158,DB0B0809875,533
21159,DB0B0810208,532
21161,DB0B0903193,533
21162,DB0B0903193,532
21163,PB0B0829265,536
21164,PB0B0564775,536
21165,DB0B0802152,537
21166,DB0B0802152,538
21167,DB0B0802152,539
21168,DB0B0802152,540
21169,RB0F2531020,541
21170,RB0B0915647,542
21171,RB0F2531020,545
21172,RB0F2531020,546
21173,DB0B0872122,547
21174,RB0F2531020,548
21175,RB0B0915634,542
21176,RB0B0810202,541
21177,RB0F2531020,542
21178,RB0B0810202,546
21179,DB0B0872122,547
21180,RB0B0902236,542
21181,RB0B0915647,549
21182,RB0B0899269,541
21183,RB0B0899269,544
21184,RB0B0899269,542
21185,DB0B0872122,547
21186,RB0B0902239,542
21187,RB0B0915634,549
21188,RB0B0902239,541
21189,RB0B0902239,544
21190,RB0B0902239,546
21191,DB0B0872122,547
21192,RB0B0902239,548
21193,RB0B0902239,549
21194,RB0B0902236,541
21195,RB0B0902236,544
21196,RB0B0902236,546
21197,DB0B0872122,547
21198,RB0B0902236,548
21199,RB0B0902236,549
21200,RB0B0915706,542
21201,RB0B0915706,543
21202,RB0B0882957,18
21203,RB0B0882943,18
21204,RB0B0882922,18
21205,RB0B0882965,18
21206,RB0B0902652,18
21207,RB0B0882976,18
21208,RB0B0882978,18
21209,RB0B0882920,18
21210,RB0B0915642,18
21211,RB0B0882959,18
21212,RB0B0882925,18
21213,DB0B0882942,18
21214,DB0B0882946,18
21215,DB0B0882940,18
21216,DB0B0882970,556
21217,RB0B0902242,510
21218,RB0B0902242,512
21219,RB0B0902242,513
21220,DB0B0902242,514
21221,DB0B0902242,515
21222,DB0B0902242,516
21223,DB0B0903178,550
21224,DB0B0903178,551
21225,DB0B0903178,552
21226,DB0B0874335,553
21227,DB0B0874335,554
21228,DB0B0874335,555
21229,DB0B0915511,553
21230,DB0B0915511,554
21231,DB0B0915511,555
21232,RB0B0873823,557
21233,RB0B0873823,558
21234,RB0B0915550,557
21235,RB0B0915550,558
21236,DB0B0872130,559
21237,RB0B0879120,559
21238,PB0B0800332,560
21239,RB0B0882951,561
21240,RB0B0882951,562
21241,RB0B0882951,563
21242,RB0B0882951,564
21243,RB0B0882950,561
21244,RB0B0882950,562
21245,RB0B0882950,563
21246,RB0B0882950,564
21247,RB0B0882963,561
21248,RB0B0882963,562
21249,RB0B0882963,563
21250,RB0B0882963,564
21251,RB0B0882962,561
21252,RB0B0882962,562
21253,RB0B0882962,563
21254,RB0B0882962,564
21255,DB0B0882952,561
21256,RB0B0882952,562
21257,RB0B0882952,563
21258,DB0B0882952,564
21259,DB0B0882953,561
21260,RB0B0882953,562
21261,RB0B0882953,563
21262,DB0B0882953,564
21263,DB0B0882941,561
21264,RB0B0882941,562
21265,RB0B0882941,563
21266,DB0B0882941,564
21267,DB0B0882960,561
21268,DB0B0882960,562
21269,DB0B0882960,563
21270,DB0B0882960,564
21271,DB0B0882964,561
21272,RB0B0882964,562
21273,RB0B0882964,563
21274,DB0B0882964,564
21275,DB0B0882932,561
21276,DB0B0882932,562
21277,DB0B0882932,563
21278,DB0B0882932,564
21279,RB0B0882939,561
21280,RB0B0882939,562
21281,RB0B0882939,563
21282,RB0B0882939,564
21283,DB0B0882977,561
21284,RB0B0882977,562
21285,RB0B0882977,563
21286,DB0B0882977,564
21287,RB0B0882947,561
21288,RB0B0882947,562
21289,RB0B0882947,563
21290,RB0B0882947,564
21291,RB0B0876740,561
21292,RB0B0876740,562
21293,RB0B0876740,563
21294,RB0B0876740,564
21295,RB0B0882958,561
21296,RB0B0882958,562
21297,RB0B0882958,563
21298,RB0B0882958,564
21299,RB0B0829515,565
21300,RB0B0829515,566
21301,RB0B0818676,565
21302,RB0B0818676,566
21303,PB0B0827265,560
21304,DB0B0878283,567
21305,DB0B0878283,568
21306,DB0B0878283,569
21307,DB0B0882946,571
21308,DB0B0882946,570
21309,DB0B0882940,571
21310,DB0B0882946,572
21311,RB0B0915550,559
21312,DB0B0879120,557
21313,DB0B0879120,558
21314,DB0B0810076,574
21315,DB0B0810076,575
21316,DB0B0810422,574
21317,DB0B0810422,575
21318,DV0V0505115,574
21319,DV0V0507322,575
21320,VDICLDAPDCED062,576
21321,VDICLDAPDCED053,573
21322,RB0B0915517,577
21323,RB0B0915517,578
21324,DB0B0902611,579
21325,DB0B0902611,580
21326,DB0B0902611,581
21327,DV0V0506031,582
21328,DV0V0506031,582
21329,DB0B0879275,583
21330,VDICLDAPDCED034,584
21331,DB0B0879134,585
21332,DB0B0879134,586
21333,DB0B0879134,587
21334,DB0B0879134,588
21335,DB0B0879134,589
21336,DB0B0884576,590
21337,DB0B0828852,591
21338,DB0B0902552,592
21339,DB0B0902552,593
21340,DB0B0872093,591
21341,DB0B0902664,592
21342,DB0B0902664,593
21343,VDIBDRPA010,594
21344,RB0B0828703,606
21345,RB0B0828703,607
21346,RB0B0828703,608
21347,RB0B0828703,609
21348,RB0B0828703,610
21349,RB0B0828703,611
21350,RB0B0915661,606
21351,RB0B0915661,607
21352,RB0B0915661,608
21353,RB0B0915661,609
21354,RB0B0915661,610
21355,RB0B0915661,611
21356,RB0B0826292,606
21357,RB0B0826292,607
21358,RB0B0826292,608
21359,RB0B0826292,609
21360,RB0B0826292,610
21361,RB0B0826292,611
21362,DB0B0899257,612
21363,DB0B0898848,612
21364,DB0B0878270,612
21365,DB0B0902235,613
21366,DB0B0902240,613
21367,DB0B0902243,613
21368,DB0B0902238,613
21369,DB0B0902244,613
21370,DB0B0902237,613
21371,DB0B0898863,613
21372,DB0B0899277,613
21373,DB0B0899294,613
21374,DB0B0899285,613
21375,DB0B0829593,614
21376,bd0061gbm,615
21377,DB0B0826293,430
21378,DB0B0879267,430
21379,DB0B0879279,430
21380,DB0B0878306,430
21381,VDICLDAPDCED064,616
21382,DP000014010,617
21383,DB0B0915635,618
21384,DB0B0818745,619
21385,DB0B0877733,620
21386,DB0B0877733,621
21387,DB0B0877733,622
21388,DB0B0877733,623
21389,DB0B0877733,624
21390,DB0B0877733,625
21391,DB0B0899293,620
21392,DB0B0899293,621
21393,DB0B0899293,622
21394,DB0B0899293,623
21395,DB0B0899293,624
21396,DB0B0899293,625
21397,DB0B0899085,620
21398,DB0B0899085,621
21399,DB0B0899085,622
21400,DB0B0899085,623
21401,DB0B0899085,624
21402,DB0B0899085,625
21403,DB0B0899044,620
21404,DB0B0899044,621
21405,DB0B0899044,622
21406,DB0B0899044,623
21407,DB0B0899044,624
21408,DB0B0899044,625
21413,PB0B0812661,626
21414,PB0B0812661,627
21415,DB0B0879277,628
21416,PB0B0812661,629
21417,PB0B0812661,630
21418,PB0B0812661,631
21419,PB0B0812661,632
21420,PB0B0812661,633
21421,PB0B0812661,646
21422,PB0B0812661,634
21423,PB0B0812661,635
21424,PB0B0812661,636
21425,PB0B0812661,637
21426,PB0B0812661,638
21427,DB0B0879277,639
21428,PB0B0812661,640
21429,PB0B0812661,641
21430,PB0B0812661,642
21431,PB0B0812661,643
21432,PB0B0812661,644
21433,PB0B0812661,645
21434,DB0B0870302,626
21435,DB0B0870302,627
21436,DB0B0870302,628
21437,DB0B0870302,629
21438,DB0B0870302,630
21439,DB0B0870302,631
21440,DB0B0870302,632
21441,DB0B0870302,633
21442,DB0B0870302,646
21443,DB0B0870302,634
21444,DB0B0870302,635
21445,DB0B0870302,636
21446,DB0B0870302,637
21447,DB0B0870302,638
21448,DB0B0870302,639
21449,DB0B0870302,640
21450,DB0B0870302,641
21451,DB0B0870302,642
21452,DB0B0870302,643
21453,DB0B0870302,644
21454,DB0B0870302,645
21455,PB0B0812661,626
21456,PB0B0812661,627
21457,PB0B0812661,628
21458,PB0B0812661,629
21459,PB0B0812661,630
21460,PB0B0812661,631
21461,PB0B0812661,632
21462,PB0B0812661,633
21463,PB0B0812661,646
21464,PB0B0812661,634
21465,PB0B0812661,635
21466,PB0B0812661,636
21467,PB0B0812661,637
21468,PB0B0812661,638
21469,PB0B0812661,639
21470,PB0B0812661,640
21471,PB0B0812661,641
21472,PB0B0812661,642
21473,PB0B0812661,643
21474,PB0B0812661,644
21475,PB0B0812661,645
21476,DB0B0826548,647
21477,DB0B0826548,648
21478,DB0B0826548,649
21479,DB0B0826548,650
21480,DB0B0826548,651
21481,DB0B0826548,652
21482,DB0B0879263,647
21483,DB0B0879263,648
21484,DB0B0879263,649
21485,DB0B0879263,650
21486,DB0B0879263,651
21487,DB0B0879263,652
21488,RB0B0902662,653
21489,RB0B0902662,654
21490,RB0B0902662,655
21491,RB0B0903157,478
21492,RB0B0903157,479
21493,RB0B0903157,480
21494,RB0B0903157,481
21495,DB0B0828754,115
21496,DB0B0877733,657
21497,DB0B0899293,657
21498,DB0B0899085,657
21499,DB0B0899044,657
21500,DB0B0903122,657
21501,DB0B0903122,621
21502,DB0B0903122,620
21503,DB0B0903122,625
21504,DB0B0903122,622
21505,DB0B0903122,623
21506,DB0B0903122,624
21507,RB0B0899286,660
21508,RB0B0899286,661
21509,RB0B0899286,662
21510,RB0B0899286,663
21511,RB0B0899286,664
21512,RB0B0899286,665
21513,RB0B0899286,666
21514,RB0B0899286,667
21515,DB0B0903455,735
21516,DB0B0903455,299
21517,PB0B0811852,668
21518,PB0B0811852,669
21519,PB0B0811852,670
21520,PB0B0811852,671
21521,PB0B0811852,672
21522,PB0B0815939,395
21523,PB0B0815939,295
21524,DB0B0810208,328
21525,DB0B0810208,336
21526,DB0B0873828,336
21527,DB0B0873828,337
21528,DB0B0810259,336
21529,DB0B0810259,337
21530,DB0B0915541,328
21531,DB0B0826490,336
21532,DB0B0915541,337
21533,DB0B0835526,336
21534,DB0B0835526,337
21535,DB0B0828851,337
21536,DB0B0828851,336
21537,DB0B0899253,658
21538,DB0B0899253,659
21539,DB0B0872123,658
21540,DB0B0872123,659
21541,DB0B0872135,658
21542,DB0B0872135,659
21543,DB0B0872165,658
21544,DB0B0872165,659
21545,DB0B0899055,658
21546,DB0B0899055,659
21547,RB0B0879133,674
21548,DB0B0826295,674
21549,DB0B0879262,675
21550,DB0B0879262,676
21551,DB0B0879262,677
21552,DB0B0879273,675
21553,DB0B0879273,676
21554,DB0B0879273,677
21555,DB0B0877741,675
21556,DB0B0877741,676
21557,DB0B0877741,677
21558,DB0B0879223,675
21559,DB0B0879223,676
21560,DB0B0879223,677
21561,PB0B0812661,626
21562,PB0B0812661,627
21563,PB0B0812661,628
21564,PB0B0812661,629
21565,PB0B0812661,630
21566,PB0B0812661,631
21567,PB0B0812661,632
21568,PB0B0812661,633
21569,PB0B0812661,634
21570,PB0B0812661,635
21571,PB0B0812661,636
21572,PB0B0812661,637
21573,PB0B0812661,638
21574,PB0B0812661,639
21575,PB0B0812661,640
21576,PB0B0812661,641
21577,PB0B0812661,642
21578,PB0B0812661,643
21579,PB0B0812661,644
21580,PB0B0812661,645
21581,PB0B0812661,646
21582,dbp0083gbm,678
21583,VDIBDRPA008,590
21584,DB0B0809995,403
21593,DB0B0903182,687
21594,DB0B0903182,688
21595,DB0B0903182,689
21596,DB0B0903182,690
21597,DB0B0899287,691
21598,DB0B0899287,692
21599,RB0F2531020,544
21600,RB0B0903169,693
21601,RB0B0903169,694
21602,RB0B0903169,695
21603,DB0B0902636,696
21604,DB0B0902636,699
21605,DB0B0902636,698
21606,DB0B0902636,697
21607,DB0B0902623,700
21608,DB0B0902623,701
21609,DB0B0903183,700
21610,DB0B0903183,701
21611,DB0B0902552,700
21612,DB0B0902552,701
21613,DB0B0879122,660
21614,DB0B0879122,661
21615,DB0B0879122,662
21616,DB0B0879122,663
21617,DB0B0879122,664
21618,DB0B0879122,665
21619,DB0B0879122,666
21620,DB0B0879122,667
21621,DB0B0879131,660
21622,DB0B0879131,661
21623,DB0B0879131,662
21624,DB0B0879131,663
21625,DB0B0879131,664
21626,DB0B0879131,665
21627,DB0B0879131,666
21628,DB0B0879131,667
21629,DB0B0877689,660
21630,DB0B0877689,661
21631,DB0B0877689,662
21632,DB0B0877689,663
21633,DB0B0877689,664
21634,DB0B0877689,665
21635,DB0B0877689,666
21636,DB0B0877689,667
21637,DB0B0903181,706
21638,RB0B0903410,702
21639,RB0B0903410,703
21640,RB0B0903410,705
21641,RB0B0903418,704
21642,dbp0079gbm,707
21643,DB0B0884576,708
21644,VDIBDRPA008,708
21645,RB0B0903154,130
21646,RB0B0903154,131
21647,RB0B0903154,132
21648,DB0B0903154,418
21649,RB0B0903170,130
21650,RB0B0903170,131
21651,RB0B0903170,132
21652,DB0B0903170,418
21653,DB0B0903199,130
21654,DB0B0903199,131
21655,DB0B0903199,132
21656,DB0B0903199,418
21657,RB0B0915604,130
21658,RB0B0915604,131
21659,RB0B0915604,132
21660,DB0B0903110,418
21661,DB0B0915699,709
21662,DB0B0915699,710
21663,DB0B0915539,711
21664,DB0B0902426,712
21665,DB0B0902426,713
21666,DB0B0902426,714
21667,DB0B0902426,715
21668,DB0B0902426,716
21669,DB0B0902569,255
21670,DB0B0902569,256
21671,DB0B0902569,257
21672,DB0B0902569,258
21673,DB0B0902569,259
21674,DB0B0903183,717
21675,DB0B0903183,718
21676,VDICLDAPDCED054,729
21677,DP000013963,729
21678,RB0B0903418,730
21679,DB0B0883114,731
21680,DB0B0883114,734
21681,DB0B0883114,732
21682,DB0B0903455,733
21683,PB0B0572069,734
21684,PB0B0572069,735
21685,DB0B0903455,736
21686,DB0B0903455,737
21687,RB0B0903443,719
21688,RB0B0903443,720
21689,RB0B0903443,721
21690,DB0B0903443,722
21691,RB0B0903443,723
21692,RB0B0903443,724
21693,RB0B0903443,725
21694,RB0B0903443,726
21695,RB0B0903443,727
21696,RB0B0903443,728
21697,RB0B0902631,719
21698,RB0B0902631,720
21699,RB0B0902631,721
21700,RB0B0902631,722
21701,RB0B0902631,723
21702,RB0B0902631,724
21703,RB0B0902631,725
21704,RB0B0902631,726
21705,RB0B0902631,727
21706,RB0B0902631,728
21707,RB0B0902635,719
21708,RB0B0902635,720
21709,DB0B0902635,721
21710,DB0B0902635,722
21711,RB0B0902635,723
21712,RB0B0902635,724
21713,RB0B0902635,725
21714,RB0B0902635,726
21715,RB0B0902635,727
21716,RB0B0902635,728
21717,RB0B0902561,719
21718,RB0B0902561,720
21719,DB0B0902561,721
21720,DB0B0902561,722
21721,DB0B0902561,723
21722,DB0B0902561,724
21723,RB0B0902561,725
21724,RB0B0902561,726
21725,RB0B0902561,727
21726,RB0B0902561,728
21727,RB0B0915576,459
21728,RB0B0902624,459
21729,RB0B0902630,459
21730,RB0B0903166,717
21731,RB0B0903166,718
21732,DB0B0903100,717
21733,DB0B0903100,718
21734,DB0B0902611,738
21735,RB0B0873676,217
21736,DB0B0903443,739
21737,DB0B0902631,739
21738,DB0B0902635,739
21739,DB0B0902561,739
21740,DB0B0902613,133
21741,DB0B0810532,133
21742,PB0B0800276,133
21743,DB0B0879225,742
21744,DB0B0872147,742
21745,PB0B0800275,742
21746,DB0B0903397,742
21747,DB0B0810529,742
21748,DB0B0810537,742
21749,DB0B0810537,742
21750,RB0B0902613,742
21751,DB0B0902422,742
21752,DB0B0810532,742
21753,PB0B0800276,742
21754,DB0B0879225,741
21755,DB0B0872147,741
21756,PB0B0800275,741
21757,DB0B0903397,741
21758,DB0B0810529,741
21759,DB0B0810537,741
21760,DB0B0810537,741
21761,RB0B0902613,741
21762,DB0B0902422,741
21763,DB0B0810532,741
21764,PB0B0800276,741
21765,DB0B0879225,740
21766,DB0B0872147,740
21767,PB0B0800275,740
21768,DB0B0903397,740
21769,DB0B0810529,740
21770,DB0B0810537,740
21771,DB0B0810537,740
21772,RB0B0902613,740
21773,DB0B0902422,740
21774,DB0B0810532,740
21775,PB0B0800276,740
21776,PB0B0812656,743
21777,PB0B0912671,743
21778,DB0B0828690,743
21779,DB0B0828701,743
21780,DB0B0873796,743
21781,PB0B0813126,743
21782,DB0B0802125,743
21783,DB0B0826301,743
21784,DB0B0826301,743
21785,DB0B0829946,743
21786,PB0B0912671,167
21787,DB0B0873796,167
21788,PB0B0813126,167
21789,DB0B0802125,167
21790,DB0B0826301,167
21791,DB0B0826301,167
21792,DB0B0829946,167
21793,PB0B0812656,168
21794,DB0B0828690,168
21795,RB0B0828701,168
21796,DB0B0873796,168
21797,PB0B0813126,168
21798,RB0B0802125,168
21799,RB0B0810291,168
21800,DB0B0829249,168
21801,RB0B0835712,168
21802,DB0B0874341,419
21803,DB0B0835518,419
21804,DB0B0874331,419
21805,DB0B0835509,419
21806,DB0B0810473,419
21807,DB0B0810471,419
21808,DB0B0810475,419
21809,DB0B0810447,419
21810,DB0B0810476,419
21811,DB0B0826556,419
21812,DB0B0826523,419
21813,DB0B0826546,419
21814,DB0B0826526,419
21815,DB0B0826540,419
21816,DB0B0826560,419
21817,DB0B0826557,419
21818,DB0B0826559,419
21819,DB0B0834177,419
21820,DB0B0834163,419
21821,DB0B0834178,419
21822,DB0B0834198,419
21823,DB0B0834193,419
21824,DB0B0834185,419
21825,DB0B0834197,419
21826,DB0B0834219,419
21827,DB0B0834184,419
21828,DB0B0834218,419
21829,DB0B0879233,419
21830,DB0B0903167,419
21831,DB0B0903109,419
21832,DB0B0903205,419
21833,DB0B0903118,419
21834,DB0B0828830,419
21835,DB0B0828679,419
21836,DB0B0828835,419
21837,DB0B0903154,419
21838,DB0B0903170,419
21839,DB0B0903199,419
21840,DB0B0903110,419
21841,PB0B0813177,419
21842,DB0B0873795,419
21843,RB0B0879233,130
21844,RB0B0903167,130
21845,RB0B0903109,130
21846,RB0B0903205,130
21847,RB0B0903118,130
21848,RB0B0828830,130
21849,RB0B0878307,130
21850,RB0B0828835,130
21851,RB0B0879233,131
21852,DB0B0903167,131
21853,RB0B0903109,131
21854,RB0B0903205,131
21855,RB0B0903118,131
21856,RB0B0828830,131
21857,DB0B0828679,131
21858,RB0B0828835,131
21859,RB0B0879233,132
21860,DB0B0903167,132
21861,RB0B0903109,132
21862,RB0B0903205,132
21863,DB0B0903118,132
21864,RB0B0828830,132
21865,DB0B0828679,132
21866,DB0B0828835,132
21867,DB0B0874341,418
21868,DB0B0835518,418
21869,DB0B0874331,418
21870,DB0B0835509,418
21871,DB0B0810473,418
21872,DB0B0810471,418
21873,DB0B0810475,418
21874,DB0B0810447,418
21875,DB0B0810476,418
21876,DB0B0826546,418
21877,DB0B0826526,418
21878,DB0B0826540,418
21879,DB0B0826560,418
21880,DB0B0826557,418
21881,DB0B0826559,418
21882,DB0B0834177,418
21883,DB0B0834163,418
21884,DB0B0834178,418
21885,DB0B0834198,418
21886,DB0B0834193,418
21887,DB0B0834185,418
21888,DB0B0834197,418
21889,DB0B0834219,418
21890,DB0B0834184,418
21891,DB0B0834218,418
21892,DB0B0879233,418
21893,DB0B0903167,418
21894,DB0B0903109,418
21895,DB0B0903205,418
21896,DB0B0903118,418
21897,DB0B0828830,418
21898,DB0B0828679,418
21899,DB0B0828835,418
21900,PB0B0813177,418
21901,DB0B0873795,418
21902,DB0B0915681,744
21903,DB0B0915681,745
21904,DB0B0915681,746
21905,DB0B0879087,747
21906,DB0B0879087,748
21907,RB0B0874341,749
21908,DB0B0835518,749
21909,DB0B0834197,749
21910,DB0B0874331,749
21911,DB0B0835509,749
21912,RB0B0872161,749
21913,RB0B0878356,749
21914,RB0B0818685,749
21915,RB0B0810447,749
21916,RB0B0810476,749
21917,RB0B0826556,749
21918,RB0B0878307,749
21919,RB0B0826546,749
21920,RB0B0826526,749
21921,DB0B0826540,749
21922,RB0B0915570,749
21923,DB0B0826557,749
21924,DB0B0826559,749
21925,DB0B0834177,749
21926,RB0B0834163,749
21927,RB0B0834178,749
21928,RB0B0834198,749
21929,RB0B0834193,749
21930,DB0B0834185,749
21931,RB0B0834197,749
21932,RB0B0834219,749
21933,DB0B0834184,749
21934,RB0B0834218,749
21935,DB0B0879233,749
21936,DB0B0903167,749
21937,DB0B0903109,749
21938,DB0B0903205,749
21939,DB0B0903118,749
21940,DB0B0828830,749
21941,DB0B0828679,749
21942,DB0B0828835,749
21943,DB0B0903154,749
21944,DB0B0903170,749
21945,DB0B0903199,749
21946,DB0B0903110,749
21947,PB0B0813177,749
21948,DB0B0873795,749
21949,db0b0902408,750
21950,db0b0903411,750
21951,RB0B0902566,750
21952,db0b0902408,751
21953,db0b0903411,751
21954,RB0B0902566,751
21955,db0b0902408,752
21956,db0b0903411,752
21957,RB0B0902566,752
21958,DB0B0879125,753
21959,DB0B0879125,754
21960,DB0B0879125,755
21961,DB0B0879125,756
21962,DB0B0879125,757
21963,DB0B0879125,758
21964,DB0B0879125,759
21965,DB0B0879125,760
21966,DB0B0879228,753
21967,DB0B0879228,754
21968,DB0B0879228,755
21969,DB0B0879228,756
21970,DB0B0879228,757
21971,DB0B0879228,758
21972,DB0B0879228,759
21973,DB0B0879228,760
21974,DB0B0835529,761
21975,DB0B0835529,762
21976,DB0B0835529,763
21977,DV0V0505097,499
21978,PB0B0926797,764
21979,DB0B0902571,250
21980,RB0B0879107,483
21982,RB0B0876493,484
21983,RB0B0876493,482
21985,RB0B0876493,485
21986,RB0B0882462,484
21987,RB0B0882462,482
21988,RB0B0882462,483
21989,PB0B0812659,765
21990,PB0B0812659,766
21991,VDICLDAPDCED035,767
21992,RB0B0902667,768
21993,RB0B0899268,769
21994,DB0B0903036,771
21995,DB0B0810383,771
21996,DB0B0903036,772
21997,DB0B0810383,772
21998,DB0B0903036,773
21999,DB0B0810383,773
22000,PB0B0915390,774
22001,PB0B0812661,775
22002,RB0B0810377,59
22003,RB0B0826376,59
22004,RB0B0810041,59
22005,RB0B0915644,1
22006,RB0B0915593,1
22007,DB0B0874354,245
22008,DB0B0915553,3
22009,PB0B0817453,3
22010,dbp0079gbm,777
22011,DF00F2520287,778
22012,PB0B0572278,779
22013,PB0B0572328,779
22014,DB0B0826293,779
22015,DB0B0879267,779
22016,DB0B0879279,779
22017,DB0B0878306,779
22018,DB0L0869736,779
22019,DB0B0802120,779
22020,RB0L0869499,779
22021,PB0B0572278,780
22022,PB0B0572328,780
22023,DB0B0826293,780
22024,DB0B0879267,780
22025,DB0B0879279,780
22026,DB0B0878306,780
22027,DB0L0869736,780
22028,DB0B0802120,780
22029,RB0L0869499,780
22030,PB0B0572278,781
22031,PB0B0572328,781
22032,DB0B0826293,781
22033,DB0B0879267,781
22034,DB0B0879279,781
22035,DB0B0878306,781
22036,DB0L0869736,781
22037,DB0B0802120,781
22038,RB0L0869499,781
22039,PB0B0572278,38
22040,PB0B0572328,38
22041,DB0B0826293,38
22042,DB0B0879267,38
22043,DB0B0879279,38
22044,DB0B0878306,38
22045,DB0L0869736,38
22046,DB0B0802120,38
22047,RB0L0869499,38
22048,DB0B0902619,782
22049,DB0B0902619,783
22050,DB0B0902380,782
22051,DB0B0902619,783
22052,DB0L0866847,784
22053,RB0B0878344,785
22054,RB0B0878344,786
22055,RB0B0878344,787
22056,RB0B0915655,788
22057,RB0B0876641,788
22058,RB0B0902383,788
22059,RB0B0902626,788
22060,RB0B0879125,788
22061,RB0B0875992,788
22062,RB0B0915655,789
22063,RB0B0876641,789
22064,RB0B0902383,789
22065,RB0B0902626,789
22066,RB0B0879125,789
22067,RB0B0875992,789
22068,RB0B0915655,790
22069,RB0B0876641,790
22070,RB0B0902383,790
22071,RB0B0902626,790
22072,RB0B0879125,790
22073,DB0B0902559,790
22074,RB0B0915655,791
22075,RB0B0876641,791
22076,RB0B0902383,791
22077,RB0B0902626,791
22078,RB0B0879125,791
22079,RB0B0875992,791
22080,RB0B0902389,792
22081,RB0B0903111,792
22082,RB0B0903285,792
22083,RB0B0902389,793
22084,RB0B0903111,793
22085,RB0B0903285,793
22086,DB0B0902389,794
22087,DB0B0903111,794
22088,RB0B0903285,794
22089,DB0B0902389,795
22090,DB0B0903111,795
22091,RB0B0903285,795
22092,DB0B0902389,796
22093,DB0B0903111,796
22094,RB0B0903285,796
22095,DB0B0898899,797
22096,RB0B0898899,797
22097,RB0B0835348,797
22098,DB0B0902424,797
22099,VDICLDAPDCED023,301
22100,VDICLDAPDCED024,301
22101,VDICLDAPDCED025,301
22102,VDICLDAPDCED026,301
22103,VDICLDAPDCED027,301
22104,VDICLDAPDCED028,301
22105,VDICLDAPDCED029,301
22106,VDICLDAPDCED030,301
22107,DB0B0875588,798
22108,DB0B0810047,799
22109,DB0B0902387,800
22110,DB0B0902387,801
22111,DB0B0902387,802
22112,DB0B0902387,803
22113,DB0B0902387,804
22114,DB0B0902387,805
22115,DB0B0903273,800
22116,DB0B0903273,801
22117,DB0B0903273,802
22118,DB0B0903273,803
22119,DB0B0903273,804
22120,DB0B0903273,805
22121,DBB0B0877698,806
22122,DBB0B0877698,807
22123,DBB0B0877698,808
22124,RB0B0903120,811
22125,DB0B0810503,812
22126,RB0B0903131,811
22127,VDICLDAPDCED021,301
22128,VDICLDAPDCED022,301
22129,DB0B0810383,814
22130,DB0B0810383,815
22131,RB0B0898854,773
22132,RB0B0903142,773
22133,RB0B0898853,773
22134,RB0B0915708,814
22135,RB0B0915708,815
22136,DB0B0882926,816
22137,DB0B0882926,817
22138,RB0B0810036,818
22139,RB0B0810036,819
22140,RB0B0810036,820
22141,RB0B0810036,821
22142,RB0B0810036,822
22143,RB0B0810036,823
22144,RB0B0810036,824
22145,RB0B0810036,825
22146,RB0B0810036,826
22147,DB0B0878294,827
22148,DB0B0829250,827
22149,DB0B0879268,827
22150,DB0B0879121,827
22151,RB0B0872129,827
22152,DB0B0902634,828
22153,DB0B0902634,828
22154,DB0B0902634,829
22155,DB0B0902634,829
22156,RB0B0903194,830
22157,DB0B0902634,830
22158,RB0B0899268,831
22159,DB0L0875591,832
22160,DB0B0877673,832
22161,DB0L0875591,833
22162,DB0B0877673,833
22163,DB0L0875591,834
22164,DB0L0875591,834
22165,DB0L0875591,835
22166,DB0B0877673,835
22167,PB0B0813146,229
22168,DB0B0903155,836
22169,DB0B0903155,837
22170,DB0B0903155,838
22171,DB0B0903155,839
22172,DB0B0898887,840
22173,DB0B0898887,841
22174,DB0B0898887,842
22175,DB0B0903107,843
22176,DB0B0903107,844
22177,DB0B0903107,845
22178,DB0l0856158,846
22179,PB0B0564960,847
22180,PB0B0564960,848
22181,PB0B0564960,849
22182,PB0B0564960,850
22183,PB0B0564960,852
22184,PB0B0564960,851
22185,RB0B0903098,853
22186,RB0B0903098,854
22187,RB0B0903098,855
22188,DB0B0903098,853
22189,DB0B0903098,854
22190,DB0B0903098,855
22191,RB0B0899252,856
22192,RB0B0899252,857
22193,RB0B0899252,858
22194,RB0B0879128,859
22195,RB0B0903203,860
22196,RB0B0903203,861
22197,RB0B0903203,862
22198,RB0B0903203,863
22199,RB0B0826511,792
22200,RB0B0826511,793
22201,DB0B0826511,794
22202,DB0B0826511,795
22203,DB0B0826511,796
22204,DB0B0899248,864
22205,DB0B0899248,865
22206,DB0B0899248,866
22207,DB0B0899248,867
22208,DB0B0872093,868
22209,DB0B0872093,869
22210,RB0B0879670,870
22211,RB0B0879670,871
22212,RB0B0879670,872
22213,RB0B0879670,873
22214,RB0B0879670,874
22215,RB0B0879670,875
22216,RB0B0879670,876
22217,DB0B0879670,877
22218,RB0B0826548,870
22219,RB0B0826548,871
22220,RB0B0826548,872
22221,RB0B0826548,873
22222,RB0B0826548,874
22223,RB0B0826548,875
22224,RB0B0826548,876
22225,DB0B0826548,877
22226,DB0B0877740,800
22227,DB0B0877740,801
22228,DB0B0877740,802
22229,DB0B0877740,803
22230,DB0B0877740,804
22231,DB0B0877740,805
22232,DB0B0802217,878
22233,DB0B0802217,879
22234,RB0B0873833,881
22235,RB0B0873833,882
22236,RB0B0873833,883
22237,RB0B0873833,884
22238,DB0B0902388,880
22239,DB0B0902388,881
22240,DB0B0902388,882
22241,DB0B0902388,883
22242,DB0B0902388,884
22249,RB0B0903143,891
22250,RB0B0903143,892
22251,RB0B0903143,893
22252,RB0B0903143,894
22253,RB0B0903143,895
22254,RB0B0898851,891
22255,RB0B0898851,892
22256,RB0B0898851,893
22257,RB0B0898851,894
22258,RB0B0898851,895
22264,DB0B0902619,896
22265,DB0B0902619,897
22266,DB0B0902619,898
22267,DB0B0902619,899
22268,DB0B0902619,900
22269,DB0B0902380,896
22270,DB0B0902380,897
22271,DB0B0902380,898
22272,DB0B0902380,899
22273,DB0B0902380,900
22274,DB0B0882926,901
22275,DB0B0882926,902
22276,RB0B0903131,812
22277,RB0B0903131,903
22278,RB0B0903131,904
22279,RB0B0903131,813
22280,RB0B0903120,812
22281,RB0B0903120,903
22282,RB0B0903120,904
22283,RB0B0903120,813
22284,RB0B0915697,811
22285,RB0B0915697,812
22286,RB0B0915697,903
22287,RB0B0915697,904
22288,RB0B0915697,813
22289,RB0B0902420,811
22290,RB0B0902420,812
22291,RB0B0902420,903
22292,RB0B0902420,904
22293,RB0B0902420,813
22294,DB0B0810503,812
22295,DB0B0810503,812
22296,DB0B0810503,903
22297,DB0B0810503,813
22298,DB0B0898861,109
22299,DB0B0810091,213
22300,DB0B0884764,905
22301,RB0B0873833,906
22302,RB0B0873833,907
22303,RB0B0873833,908
22304,RB0B0873833,909
22305,RB0B0873833,910
22306,RB0B0873833,911
22307,RB0B0873833,912
22308,RB0B0873833,913
22309,DB0B0902388,906
22310,DB0B0902388,907
22311,DB0B0902388,908
22312,DB0B0902388,909
22313,DB0B0902388,910
22314,DB0B0902388,911
22315,DB0B0902388,912
22316,DB0B0902388,913
22317,DB0B0826524,906
22318,DB0B0826524,907
22319,DB0B0826524,908
22320,DB0B0826524,909
22321,DB0B0826524,910
22322,DB0B0826524,911
22323,DB0B0826524,912
22324,DB0B0826524,913
22325,DB0B0902649,5
22326,DB0B0902367,5
22327,DB0B0902649,356
22328,DB0B0902649,357
22329,DB0B0902649,358
22330,DB0B0902649,359
22331,DB0B0874348,356
22332,DB0B0874348,357
22333,DB0B0874348,358
22334,DB0B0874348,359
22335,PB0B0900449,185
22336,PB0B0813054,185
22361,RB0B0826138,914
22362,DB0B0899288,915
22363,DB0B0899288,916
22364,DB0B0899288,917
22365,DB0B0899288,918
22366,DB0B0899288,919
22367,DB0B0899288,920
22368,DB0B0899288,921
22369,DB0B0899288,922
22370,DB0B0899288,923
22371,DB0B0899288,924
22372,DB0B0899288,925
22373,DB0B0899288,926
22374,DB0B0898897,915
22375,DB0B0898897,916
22376,DB0B0898897,917
22377,DB0B0898897,918
22378,DB0B0898897,919
22379,DB0B0898897,920
22380,DB0B0898897,921
22381,DB0B0898897,922
22382,DB0B0898897,923
22383,DB0B0898897,924
22384,DB0B0898897,925
22385,DB0B0898897,926
22386,DB0B0903097,915
22387,DB0B0903097,916
22388,DB0B0903097,917
22389,DB0B0903097,918
22390,DB0B0903097,919
22391,DB0B0903097,920
22392,DB0B0903097,921
22393,DB0B0903097,922
22394,DB0B0903097,923
22395,DB0B0903097,924
22396,DB0B0903097,925
22397,DB0B0903097,926
22398,DB0B0826351,800
22399,DB0B0826351,801
22400,DB0B0826351,802
22401,DB0B0826351,803
22402,DB0B0826351,804
22403,DB0B0826351,805
22404,DB0B0810022,800
22405,DB0B0810022,801
22406,DB0B0810022,802
22407,DB0B0810022,803
22408,DB0B0810022,804
22409,DB0B0810022,805
22410,VDICLDAPDCED035,927
22411,DB0B0810089,743
22412,RB0B0810089,167
22413,RB0B0810089,168
22414,DB0B0818745,928
22415,DV0V0505900,929
22416,DB0B0818699,930
22417,DB0B0818699,931
22418,DB0B0830084,930
22419,DB0B0830084,931
22420,DB0B0872120,932
22421,DB0B0872120,933
22422,RB0B0873820,809
22423,DB0B0915701,810
22424,RB0B0879269,934
22425,DB0B0879269,935
22426,RB0B0879269,936
22427,RB0B0899292,937
22428,DB0B0872122,938
22429,DB0B0872122,940
22430,RB0B0879124,939
22431,DB0B0879227,941
22432,DB0B0879227,942
22433,DB0B0879227,943
22434,DB0B0879227,944
22435,DB0B0902366,941
22436,DB0B0902366,942
22437,DB0B0902366,943
22438,DB0B0902366,944
22439,DB0B0826263,945
22440,DB0B0826263,946
22441,DB0B0826263,947
22442,DB0B0826263,948
22443,DB0B0860667,949
22444,RB0B0882962,168
22445,DB0B0882962,743
22446,RB0B0882962,167
22447,RB0B0882952,167
22448,RB0B0882952,168
22449,DB0B0882952,743
22450,RB0B0882953,167
22451,RB0B0882953,168
22452,DB0B0882953,743
22453,VDICLDAPDCED039,950
22454,VDICLDAPDCED039,951
22455,VDICLDAPDCED039,952
22456,VDICLDAPDCED039,953
22457,VDICLDAPDCED039,954
22458,VDICLDAPDCED039,955
22459,VDICLDAPDCED039,956
22460,DB0B0810209,957
22461,DB0B0810209,958
22462,DB0B0810209,959
22463,DB0B0810209,960
22464,DB0B0810209,961
22465,DB0B0834176,957
22466,DB0B0834176,958
22467,DB0B0834176,959
22468,DB0B0834176,960
22469,DB0B0834176,961
22470,RB0F2531020,697
22471,DF0F2531020,700
22472,DF0F2531020,701
22473,DB0B0899057,697
22474,DB0B0899057,696
22475,DB0B0899057,698
22476,DB0B0899269,697
22477,DB0B0899269,700
22478,DB0B0899269,701
22479,DB0B0903133,700
22480,DB0B0903133,697
22481,DB0B0903133,701
22483,DB0B0810505,700
22484,DB0B0810505,697
22485,DB0B0810505,701
22487,DB0B0899057,699
22488,DB0B0872121,962
22489,DB0B0872121,963
22490,VDICLDAPDCED039,964
22491,VDICLDAPDCED039,965
22492,VDICLDAPDCED039,966
22493,VDICLDAPDCED039,967
22494,VDICLDAPDCED059,968
22495,DB0B0903471,809
22496,RB0B0879269,809
22497,DB0B0899292,809
22498,DB0B0872122,809
22499,RB0B0879124,809
22500,RB0B0873820,810
22501,RB0B0879269,810
22502,RB0B0899292,810
22503,RB0B0879075,810
22504,RB0B0879124,810
22505,RB0B0873820,934
22506,DB0B0903471,934
22507,RB0B0899292,934
22508,RB0B0879075,934
22509,RB0B0879124,934
22510,RB0B0873820,935
22511,DB0B0915701,935
22512,RB0B0899292,935
22513,RB0B0879075,935
22514,RB0B0879124,935
22515,DB0B0899292,936
22516,DB0B0903471,936
22517,DB0B0899292,936
22518,DB0B0872122,936
22519,RB0B0879124,936
22520,DB0B0899292,937
22521,DB0B0915701,937
22522,RB0B0879269,937
22523,RB0B0879075,937
22524,RB0B0879124,937
22525,DB0B0899292,938
22526,DB0B0915701,938
22527,DB0B0879269,938
22528,DB0B0899292,938
22529,DB0B0879124,938
22530,DB0B0899292,940
22531,DB0B0903471,940
22532,RB0B0879269,940
22533,DB0B0899292,940
22534,RB0B0879124,940
22535,DB0B0899292,939
22536,DB0B0903471,939
22537,DB0B0879269,939
22538,RB0B0899292,939
22539,DB0B0872122,939
22540,DB0B0810140,969
22541,DB0B0810140,970
22542,DB0B0810140,971
22543,DB0B0826403,969
22544,DB0B0826403,970
22545,DB0B0826403,971
22546,DB0B0826652,969
22547,DB0B0826652,970
22548,DB0B0826652,971
22549,DB0B0826158,969
22550,DB0B0826158,970
22551,DB0B0826158,971
22552,RB0B0903108,972
22553,RB0B0903108,973
22554,RB0B0903108,974
22555,RB0B0903108,975
22556,RB0B0903108,976
22557,RB0B0903108,977
22558,RB0B0903108,978
22559,RB0B0903108,979
22560,RB0B0903108,980
22561,RB0B0903108,981
22562,RB0B0903158,972
22563,RB0B0903158,973
22564,RB0B0903158,974
22565,RB0B0903158,975
22566,RB0B0903158,976
22567,RB0B0903158,977
22568,RB0B0903158,978
22569,RB0B0903158,979
22570,RB0B0903158,980
22571,RB0B0903158,981
22572,DB0B0879269,972
22573,DB0B0879269,973
22574,DB0B0879269,974
22575,DB0B0879269,975
22576,DB0B0879269,976
22577,DB0B0879269,977
22578,DB0B0879269,978
22579,DB0B0879269,979
22580,DB0B0879269,980
22581,DB0B0879269,981
22582,RB0B0899248,891
22583,RB0B0899248,892
22584,RB0B0899248,893
22585,RB0B0899248,894
22586,RB0B0899248,895
22587,RB0B0879131,982
22588,RB0B0879131,983
22589,RB0B0879131,984
22590,DB0B0879131,985
22591,RB0B0879131,986
22592,RB0B0879131,987
22593,RB0B0879131,988
22594,RB0B0879131,989
22595,RB0B0879131,990
22596,RB0B0879131,991
22597,RB0B0879131,992
22598,RB0B0879131,993
22599,DB0B0877689,982
22600,DB0B0877689,983
22601,DB0B0877689,984
22602,DB0B0877689,985
22603,DB0B0877689,986
22604,DB0B0877689,987
22605,DB0B0877689,988
22606,DB0B0877689,989
22607,DB0B0877689,990
22608,DB0B0877689,991
22609,DB0B0877689,992
22610,DB0B0877689,993
22611,DB0B0874352,994
22612,DB0B0810032,995
22613,DB0B0810032,996
22614,DB0B0810032,997
22615,DB0B0810032,998
22616,DB0B0810030,995
22617,DB0B0810030,996
22618,DB0B0810030,997
22619,DB0B0810030,998
22620,,995
22621,DB0B0826352,996
22622,,997
22623,DB0B0826352,998
22624,DB0B0872108,999
22625,DB0B0872108,1000
22626,DB0B0915689,1001
22627,DB0B0878271,1003
22628,DB0B0826657,1002
22629,DB0B0915689,1004
22630,DB0B0826657,1005
22631,PB0B0877466,1006
22632,DB0B0898902,1007
22633,DB0B0826530,1008
22634,DB0B0826530,1009
22635,DB0B0810135,1014
22636,DB0B0810135,1015
22637,DB0B0810135,1016
22638,DB0B0810135,1017
22639,DB0B0810135,1018
22640,DB0B0826677,1014
22641,DB0B0826677,1015
22642,DB0B0826677,1016
22643,DB0B0826677,1017
22644,DB0B0826677,1018
22645,DB0B0826405,1014
22646,DB0B0826405,1015
22647,DB0B0826405,1016
22648,DB0B0826405,1017
22649,DB0B0826405,1018
22650,DB0B0810391,1014
22651,DB0B0810391,1015
22652,DB0B0810391,1016
22653,DB0B0810391,1017
22654,DB0B0810391,1018
22655,DB0B0828818,1010
22656,DB0B0828818,1011
22657,DB0B0828818,1012
22658,DB0B0828818,1013
22659,RB0B0898864,1019
22660,RB0B0898864,1020
22661,RB0B0898864,1021
22662,RB0B0898864,1022
22663,RB0B0898864,1023
22664,RB0B0898864,1024
22665,RB0B0898864,1025
22666,RB0B0898864,1026
22667,RB0B0898864,1027
22668,RB0B0873903,1028
22669,RB0B0873903,1029
22670,DB0B0826309,1030
22671,RB0B0873903,1031
22672,RB0B0873903,1032
22673,RB0B0873903,1033
22674,RB0B0873903,1034
22675,RB0B0873903,1035
22676,RB0B0873903,1036
22677,RB0B0873903,1037
22678,RB0B0873903,1038
22679,RB0B0873903,1039
22680,RB0B0873903,1040
22681,RB0B0873903,1041
22682,RB0B0873903,1042
22683,RB0B0873903,1043
22684,RB0B0873903,1044
22685,RB0B0873903,1045
22686,RB0B0873903,1046
22687,RB0B0873903,1047
22688,RB0B0873903,1048
22689,RB0B0873903,1049
22690,RB0B0873903,1050
22691,RB0B0873903,1051
22692,RB0B0873903,1052
22693,DB0B0826309,1053
22694,DB0B0826309,1054
22695,RB0B0873903,1055
22696,RB0B0873903,1056
22697,RB0B0810004,1028
22698,RB0B0810004,1029
22699,RB0B0810004,1030
22700,RB0B0810004,1031
22701,RB0B0810004,1032
22702,RB0B0810004,1033
22703,RB0B0810004,1034
22704,RB0B0810004,1035
22705,RB0B0810004,1036
22706,RB0B0810004,1037
22707,RB0B0810004,1038
22708,RB0B0810004,1039
22709,RB0B0810004,1040
22710,DB0B0810004,1041
22711,RB0B0810004,1042
22712,DB0B0810004,1043
22713,DB0B0810004,1044
22714,DB0B0810004,1045
22715,RB0B0810004,1046
22716,RB0B0810004,1047
22717,RB0B0810004,1048
22718,RB0B0810004,1049
22719,RB0B0810004,1050
22720,RB0B0810004,1051
22721,RB0B0810004,1052
22722,RB0B0810004,1053
22723,RB0B0810004,1054
22724,RB0B0810004,1055
22725,RB0B0810004,1056
22726,RB0B0903622,1028
22727,RB0B0903622,1029
22728,RB0B0903622,1030
22729,RB0B0903622,1031
22730,RB0B0903622,1032
22731,RB0B0903622,1033
22732,RB0B0903622,1034
22733,RB0B0903622,1035
22734,RB0B0903622,1036
22735,RB0B0903622,1037
22736,RB0B0903622,1038
22737,RB0B0903622,1039
22738,RB0B0903622,1040
22739,RB0B0903622,1041
22740,RB0B0903622,1042
22741,RB0B0903622,1043
22742,RB0B0903622,1044
22743,RB0B0903622,1045
22744,RB0B0903622,1046
22745,RB0B0903622,1047
22746,RB0B0903622,1048
22747,RB0B0903622,1049
22748,RB0B0903622,1050
22749,RB0B0903622,1051
22750,RB0B0903622,1052
22751,RB0B0903622,1053
22752,RB0B0903622,1054
22753,RB0B0903622,1055
22754,RB0B0903622,1056
22755,RB0B0828781,1028
22756,RB0B0828781,1029
22757,RB0B0828781,1030
22758,RB0B0828781,1031
22759,RB0B0828781,1032
22760,RB0B0828781,1033
22761,RB0B0828781,1034
22762,RB0B0828781,1035
22763,RB0B0828781,1036
22764,RB0B0828781,1037
22765,RB0B0828781,1038
22766,RB0B0828781,1039
22767,RB0B0828781,1040
22768,RB0B0828781,1041
22769,RB0B0828781,1042
22770,DB0B0828781,1043
22771,RB0B0828781,1044
22772,RB0B0828781,1045
22773,RB0B0828781,1046
22774,RB0B0828781,1047
22775,RB0B0828781,1048
22776,RB0B0828781,1049
22777,RB0B0828781,1050
22778,RB0B0828781,1051
22779,RB0B0828781,1052
22780,RB0B0828781,1053
22781,RB0B0828781,1054
22782,RB0B0828781,1055
22783,RB0B0828781,1056
22784,RB0B0872177,1028
22785,RB0B0872177,1029
22786,RB0B0872177,1030
22787,RB0B0872177,1031
22788,RB0B0872177,1032
22789,RB0B0872177,1033
22790,RB0B0872177,1034
22791,RB0B0872177,1035
22792,RB0B0872177,1036
22793,RB0B0872177,1037
22794,RB0B0872177,1038
22795,RB0B0872177,1039
22796,RB0B0872177,1040
22797,RB0B0872177,1041
22798,RB0B0872177,1042
22799,DB0B0872177,1043
22800,RB0B0872177,1044
22801,RB0B0872177,1045
22802,RB0B0872177,1046
22803,RB0B0872177,1047
22804,RB0B0872177,1048
22805,RB0B0872177,1049
22806,RB0B0872177,1050
22807,RB0B0872177,1051
22808,RB0B0872177,1052
22809,RB0B0872177,1053
22810,RB0B0872177,1054
22811,RB0B0872177,1055
22812,RB0B0872177,1056
22813,RB0B0872125,1028
22814,RB0B0872125,1029
22815,RB0B0872125,1030
22816,RB0B0872125,1031
22817,RB0B0872125,1032
22818,RB0B0872125,1033
22819,RB0B0872125,1034
22820,RB0B0872125,1035
22821,DB0B0872125,1036
22822,DB0B0872125,1037
22823,DB0B0872125,1038
22824,DB0B0872125,1039
22825,DB0B0872125,1040
22826,DB0B0872125,1041
22827,DB0B0872125,1042
22828,DB0B0872125,1043
22829,DB0B0872125,1044
22830,DB0B0872125,1045
22831,RB0B0872125,1046
22832,RB0B0872125,1047
22833,RB0B0872125,1048
22834,RB0B0872125,1049
22835,RB0B0872125,1050
22836,RB0B0872125,1051
22837,RB0B0872125,1052
22838,RB0B0872125,1053
22839,RB0B0872125,1054
22840,RB0B0872125,1055
22841,RB0B0872125,1056
22842,RB0B0872172,1028
22843,RB0B0872172,1029
22844,RB0B0872172,1030
22845,RB0B0872172,1031
22846,RB0B0872172,1032
22847,RB0B0872172,1033
22848,RB0B0872172,1034
22849,RB0B0872172,1035
22850,RB0B0872172,1036
22851,RB0B0872172,1037
22852,RB0B0872172,1038
22853,RB0B0872172,1039
22854,RB0B0872172,1040
22855,RB0B0872172,1041
22856,RB0B0872172,1042
22857,RB0B0872172,1043
22858,RB0B0872172,1044
22859,RB0B0872172,1045
22860,RB0B0872172,1046
22861,RB0B0872172,1047
22862,RB0B0872172,1048
22863,RB0B0872172,1049
22864,RB0B0872172,1050
22865,RB0B0872172,1051
22866,RB0B0872172,1052
22867,RB0B0872172,1053
22868,RB0B0872172,1054
22869,RB0B0872172,1055
22870,RB0B0872172,1056
22871,RB0B0876536,1028
22872,RB0B0876536,1029
22873,RB0B0876536,1030
22874,RB0B0876536,1031
22875,RB0B0876536,1032
22876,RB0B0876536,1033
22877,RB0B0876536,1034
22878,RB0B0876536,1035
22879,RB0B0876536,1036
22880,RB0B0876536,1037
22881,RB0B0876536,1038
22882,RB0B0876536,1039
22883,RB0B0876536,1040
22884,RB0B0876536,1041
22885,RB0B0876536,1042
22886,RB0B0876536,1043
22887,RB0B0876536,1044
22888,RB0B0876536,1045
22889,RB0B0876536,1046
22890,RB0B0876536,1047
22891,RB0B0876536,1048
22892,RB0B0876536,1049
22893,RB0B0876536,1050
22894,RB0B0876536,1051
22895,RB0B0876536,1052
22896,RB0B0876536,1053
22897,RB0B0876536,1054
22898,RB0B0876536,1055
22899,RB0B0876536,1056
22900,DB0B0902958,1057
22901,DB0L0862502,1057
22902,DB0B0876836,1058
22903,DB0B0826165,1059
22904,DB0B0826165,1060
22905,DB0B0826165,1061
22906,DB0B0826165,1062
22907,DB0B0826165,1063
22908,DB0B0826165,1064
22909,DB0B0826165,1065
22910,RB0B0902415,972
22911,RB0B0902415,973
22912,RB0B0902415,974
22913,DB0B0902415,975
22914,RB0B0902415,976
22915,DB0B0902415,977
22916,DB0B0902415,978
22917,RB0B0902415,979
22918,RB0B0902415,980
22919,RB0B0902415,981
22920,RB0B0826442,972
22921,RB0B0826442,973
22922,RB0B0826442,974
22923,RB0B0826442,975
22924,RB0B0826442,976
22925,DB0B0826442,977
22926,DB0B0826442,978
22927,RB0B0826442,979
22928,RB0B0826442,980
22929,RB0B0826442,981
22930,DB0B0826219,809
22931,RB0B0826219,810
22932,RB0B0826219,934
22933,RB0B0826219,935
22934,DB0B0826219,936
22935,RB0B0826219,937
22936,DB0B0826219,938
22937,DB0B0826219,939
22938,RB0B0826219,940
22939,DB0B0879130,809
22940,RB0B0879130,810
22941,RB0B0879130,934
22942,RB0B0879130,935
22943,DB0B0879130,936
22944,RB0B0879130,937
22945,DB0B0879130,938
22946,DB0B0879130,939
22947,DB0B0879130,940
22948,DB0B0830115,809
22949,RB0B0830115,810
22950,RB0B0830115,934
22951,RB0B0830115,935
22952,DB0B0830115,936
22953,RB0B0830115,937
22954,DB0B0830115,938
22955,RB0B0830115,939
22956,DB0B0830115,940
22957,DB0B0834179,945
22958,DB0B0834179,946
22959,DB0B0834179,947
22960,DB0B0834179,948
22961,DB0B0809989,945
22962,DB0B0809989,946
22963,DB0B0809989,947
22964,DB0B0809989,948
22965,RB0B0874349,1069
22966,RB0B0874349,1066
22967,RB0B0874349,1067
22968,RB0B0874349,1068
22969,RB0B0828694,1069
22970,RB0B0828694,1066
22971,RB0B0828694,1067
22972,RB0B0828694,1068
22973,RB0B0826531,459
22974,RB0B0826435,459
22975,RB0B0809923,459
22976,RB0B0899057,459
22977,DB0B0872166,1070
22978,DB0B0872166,1071
22979,DB0B0872166,1072
22980,DB0B0872166,1073
22981,DB0B0872166,1074
22983,DB0B0810135,1076
22984,DB0B0810135,1077
22985,DB0B0826677,1075
22986,DB0B0826677,1076
22987,DB0B0826677,1077
22988,DB0B0826405,1075
22989,DB0B0826405,1076
22990,DB0B0826405,1077
22991,DB0B0810391,1075
22992,DB0B0810391,1076
22993,DB0B0810391,1077
22994,RB0B0810181,276
22995,RB0B0810181,277
22996,RB0F2531020,510
22997,RB0F2531020,512
22998,RB0F2531020,513
22999,RB0F2531020,514
23000,RB0F2531020,515
23001,RB0B0810202,510
23002,RB0B0810202,512
23003,RB0B0810202,513
23004,RB0B0810202,514
23005,RB0B0810202,515
23006,RB0B0899269,548
23007,RB0B0899269,549
23008,DB0B0899269,1078
23009,RB0B0902236,1078
23010,RB0B0903173,1078
23011,DB0B0903180,1078
23012,DB0B0810135,1075
23013,DB0B0903408,1079
23014,DB0B0903408,1080
23015,DB0B0903408,1081
23016,DB0B0903408,1082
23017,DB0B0903408,1083
23018,DB0B0903408,1084
23019,DB0B0915700,1079
23020,DB0B0915700,1080
23021,DB0B0915700,1081
23022,DB0B0915700,1082
23023,DB0B0915700,1083
23024,DB0B0915700,1084
23025,DB0B0898983,1065
23026,DB0B0879273,1085
23027,DB0B0902556,1086
23028,DB0B0902556,1087
23029,DB0B0902556,1088
23030,DB0B0903394,1086
23031,DB0B0903394,1087
23032,DB0B0903394,1088
23033,DB0B0902572,1086
23034,DB0B0902572,1087
23035,DB0B0902572,1088
23036,DB0B0902572,1086
23037,DB0B0902609,1087
23038,DB0B0902609,1088
23039,DB0B0902572,1086
23040,DB0B0902572,1087
23041,DB0B0902572,1088
23042,RB0B0902614,1089
23043,RB0B0902614,1090
23044,RB0B0902614,1091
23045,RB0B0902614,1092
23046,RB0B0902614,1093
23047,RB0B0902614,1094
23048,RB0B0902614,1095
23049,RB0B0902614,1096
23050,RB0B0902614,1097
23051,RB0B0902614,1098
23052,RB0B0902614,1099
23053,RB0B0902614,1100
23054,RB0B0902614,1101
23055,DB0B0899273,1089
23056,DB0B0899273,1090
23057,DB0B0899273,1091
23058,DB0B0899273,1092
23059,DB0B0899273,1093
23060,DB0B0899273,1094
23061,DB0B0899273,1095
23062,DB0B0899273,1096
23063,DB0B0899273,1097
23064,DB0B0899273,1098
23065,DB0B0899273,1099
23066,DB0B0899273,1100
23067,DB0B0899273,1101
23068,RB0B0879281,1089
23069,DB0B0879281,1090
23070,RB0B0879281,1091
23071,RB0B0879281,1092
23072,RB0B0879281,1093
23073,DB0B0879281,1094
23074,DB0B0879281,1095
23075,RB0B0879281,1096
23076,RB0B0879281,1097
23077,DB0B0879281,1098
23078,DB0B0879281,1099
23079,RB0B0879281,1100
23080,DB0B0879281,1101
23081,DB0B0835516,1089
23082,DB0B0835516,1090
23083,DB0B0835516,1091
23084,DB0B0835516,1092
23085,DB0B0835516,1093
23086,DB0B0835516,1094
23087,DB0B0835516,1095
23088,DB0B0835516,1096
23089,DB0B0835516,1097
23090,DB0B0835516,1098
23091,DB0B0835516,1099
23092,DB0B0835516,1100
23093,DB0B0835516,1101
23094,DB0B0813279,995
23095,DB0B0813279,996
23096,DB0B0813279,997
23097,DB0B0813279,998
23098,DB0B0809877,995
23099,DB0B0809877,996
23100,DB0B0809877,997
23101,DB0B0809877,998
23102,DB0B0810032,1102
23103,DB0B0810030,1102
23104,DB0B0826352,1102
23105,DB0B0813279,1102
23106,DB0B0809877,1102
23107,DB0B0810032,1103
23108,DB0B0810030,1103
23109,DB0B0826352,1103
23110,DB0B0813279,1103
23111,DB0B0809877,1103
23112,DB0B0826148,1104
23113,DB0B0826148,1105
23114,DB0B0826148,1106
23115,DB0B0826148,1107
23116,DB0B0899304,1108
23117,DB0B0899304,1109
23118,DB0B0899304,1110
23119,DB0B0826468,1111
23120,DB0B0878947,1112
23121,DB0B0878947,1113
23122,RB0B0826553,606
23123,RB0B0826553,607
23124,RB0B0826553,608
23125,RB0B0826553,609
23126,RB0B0826553,610
23127,RB0B0826553,611
23128,RB0B0826180,1114
23129,RB0B0826180,1115
23130,RB0B0826180,1116
23131,RB0B0826180,1117
23132,DB0B0826180,1118
23133,RB0B0826180,1119
23134,RB0B0915690,1114
23135,RB0B0915690,1115
23136,RB0B0915690,1116
23137,RB0B0915690,1117
23138,DB0B0903172,1118
23139,RB0B0915690,1119
23140,RB0B0915672,172
23141,RB0B0828847,276
23142,RB0B0915516,276
23143,RB0B0899260,276
23144,RB0B0828668,277
23145,RB0B0898885,1120
23146,RB0B0898885,1121
23147,RB0B0898885,1122
23148,RB0B0898885,1123
23149,RB0B0898885,1124
23150,RB0B0899297,1120
23151,RB0B0899297,1121
23152,RB0B0899297,1122
23153,RB0B0899297,1123
23154,RB0B0899297,1124
23155,RB0B0899039,1120
23156,RB0B0899039,1121
23157,RB0B0899039,1122
23158,RB0B0899039,1123
23159,RB0B0899039,1124
23160,DB0B0899274,1125
23161,DB0B0899274,1126
23162,DB0B0899274,1127
23163,DB0B0899274,1128
23164,DB0B0875947,1129
23165,DB0B0875948,1129
23166,RB0B0874347,1130
23171,DB0B0902955,1133
23172,DV0V0506031,1133
23173,RB0B0915565,1134
23174,RB0B0915565,1135
23175,RB0B0915565,1136
23176,RB0B0915565,1137
23177,DB0B0915698,1114
23178,DB0B0915698,1115
23179,DB0B0915698,1116
23180,DB0B0915698,1117
23181,DB0B0915698,1118
23182,DB0B0915698,1119
23183,PB0B0812656,1138
23184,PB0B0912671,1138
23185,DB0B0828690,1138
23186,DB0B0828701,1138
23187,DB0B0873796,1138
23188,DB0B0810089,1138
23189,DB0B0882962,1138
23190,DB0B0882952,1138
23191,DB0B0882953,1138
23192,DB0B0915674,1138
23193,DB0B0915709,1138
23194,PB0B0872178,1138
23195,DB0L0858169,1138
23196,DB0L0860443,1138
23197,PB0B0812656,1139
23198,PB0B0812671,1139
23199,DB0B0828690,1139
23200,RB0B0828701,1139
23201,DB0B0873796,1139
23202,RB0B0810089,1139
23203,RB0B0882962,1139
23204,RB0B0882952,1139
23205,RB0B0882953,1139
23206,RB0B0915674,1139
23207,RB0B0915709,1139
23208,RB0B0872178,1139
23209,RB0L0858169,1139
23210,RB0L0860443,1139
23211,PB0B0812656,1140
23212,PB0B0812671,1140
23213,DB0B0828690,1140
23214,RB0B0828701,1140
23215,DB0B0873796,1140
23216,RB0B0810089,1140
23217,RB0B0882962,1140
23218,RB0B0882952,1140
23219,RB0B0882953,1140
23220,RB0B0915674,1140
23221,RB0B0915709,1140
23222,RB0B0872178,1140
23223,RB0L0858169,1140
23224,RB0B0915630,1140
23225,PB0B0812656,1141
23226,PB0B0912671,1141
23227,DB0B0828690,1141
23228,DB0B0828701,1141
23229,DB0B0873796,1141
23230,DB0B0810089,1141
23231,DB0B0882962,1141
23232,DB0B0882952,1141
23233,DB0B0882953,1141
23234,DB0B0915674,1141
23235,DB0B0915709,1141
23236,PB0B0872178,1141
23237,DB0L0858169,1141
23238,DB0L0860443,1141
23239,PB0B0812656,1142
23240,PB0B0812671,1142
23241,DB0B0828690,1142
23242,DB0B0828701,1142
23243,DB0B0873796,1142
23244,DB0B0810089,1142
23245,DB0B0882962,1142
23246,DB0B0882952,1142
23247,DB0B0882953,1142
23248,DB0B0915674,1142
23249,RB0B0915709,1142
23250,PB0B0872178,1142
23251,DB0L0858169,1142
23252,RB0L0860443,1142
23253,PB0B0812656,1143
23254,PB0B0912671,1143
23255,DB0B0828690,1143
23256,DB0B0828701,1143
23257,DB0B0873796,1143
23258,RB0B0810089,1143
23259,DB0B0882962,1143
23260,DB0B0882952,1143
23261,DB0B0882953,1143
23262,RB0B0915674,1143
23263,DB0B0915709,1143
23264,PB0B0872178,1143
23265,DB0L0858169,1143
23266,DB0L0860443,1143
23267,DB0B0899274,1144
23268,DB0B0877699,1145
23269,DB0B0828852,1145
23270,DB0B0915657,1145
23271,RB0B0877699,1146
23272,DB0B0828852,1146
23273,DB0B0915657,1146
23274,RB0B0877699,1147
23275,DB0B0828852,1147
23276,DB0B0915657,1147
23286,DB0B0915656,1148
23287,DB0B0915656,1149
23288,DB0B0915656,1150
23289,DB0B0915656,1151
