machine,role_id
DB0B0915656,1152
DB0B0915656,1153
DB0B0810046,1148
DB0B0810046,1149
DB0B0810046,1150
DB0B0810046,1151
DB0B0810046,1152
DB0B0810046,1153
RB0B0870344,1154
RB0B0870344,1155
DB0B0829252,1156
RB0B0829251,1154
RB0B0829251,1155
DB0B0829251,1156
DB0B0915625,1154
DB0B0915625,1155
DB0B0915625,1156
RB0B0826481,1154
RB0B0826481,1155
DB0B0826481,1156
RB0B0915644,1154
RB0B0915644,1155
DB0B0915644,1156
RB0B0828834,1157
RB0B0828834,1158
DB0B0828706,1157
DB0B0828706,1158
RB0B0876890,1079
RB0B0876890,1080
RB0B0876890,1081
RB0B0876890,1082
RB0B0810172,1079
DB0B0810172,1080
RB0B0810172,1081
RB0B0810172,1082
RB0B0810041,1079
DB0B0810041,1080
RB0B0810041,1081
RB0B0810041,1082
RB0B0835333,1079
RB0B0835333,1080
RB0B0835333,1081
RB0B0835333,1082
RB0B0810377,1079
DB0B0810377,1080
RB0B0810377,1081
RB0B0810377,1082
RB0B0826376,1079
DB0B0826376,1080
RB0B0826376,1081
RB0B0826376,1082
DB0B0873662,1161
DB0B0563426,1162
DB0B0563426,1163
DB0B0563426,1164
DB0B0563426,1165
RB0B0898920,1166
RB0B0898920,1167
RB0B0898920,1168
RB0B0898920,1169
RB0B0898920,1170
RB0B0898920,1171
DB0B0899127,1172
DB0B0872126,1138
RB0B0872126,1139
RB0B0872126,1140
DB0B0872126,1141
RB0B0876890,1083
RB0B0876890,1084
RB0B0810172,1083
RB0B0810172,1084
RB0B0810041,1083
RB0B0810041,1084
RB0B0835333,1083
RB0B0835333,1084
RB0B0810377,1083
RB0B0810377,1084
RB0B0915623,1125
RB0B0915623,1126
RB0B0915623,1127
RB0B0915623,1128
RB0B0915623,1144
RB0B0915564,1125
RB0B0915564,1126
RB0B0915564,1127
RB0B0915564,1128
RB0B0915564,1144
RB0B0915659,1125
RB0B0915659,1126
RB0B0915659,1127
RB0B0915659,1128
RB0B0915659,1144
RB0B0915707,1125
RB0B0915707,1126
RB0B0915707,1127
RB0B0915707,1128
RB0B0915707,1144
PB0B0812656,1142
PB0B0812656,1143
DB0B0826493,1173
RB0B0903419,1175
RB0B0903419,1176
RB0B0903419,1177
RB0B0903419,1178
RB0B0877699,1179
DB0B0828852,1179
DB0B0915657,1179
PB0B0921467,1180
RB0B0915702,1108
DB0B0810091,1108
DB0B0898898,1108
DB0B0915702,1109
DB0B0810091,1109
DB0B0898898,1109
RB0B0915702,1110
DB0B0810091,1110
DB0B0898898,1110
DB0B0826287,1181
RB0B0826287,1182
RB0B0826287,1183
RB0B0826287,1184
RB0B0826287,1185
RB0B0826287,1186
RB0B0826287,1187
RB0B0826287,1188
DB0B0915592,1154
DB0B0915592,1155
DB0B0915592,1156
RB0B0915593,1154
RB0B0915593,1155
DB0B0915593,1156
DB0B0915614,1154
DB0B0915614,1155
DB0B0915614,1156
DB0B0915677,1154
DB0B0915677,1155
DB0B0915677,1156
DB0B0915668,1154
DB0B0915668,1155
DB0B0915668,1156
DB0B0915694,1154
DB0B0915694,1155
RB0B0915694,1156
DB0B0826437,1154
DB0B0826437,1155
RB0B0826437,1156
RB0B0818676,1189
DB0B0915677,1
DB0B0915668,1
localhost,1190
localhost,1191
localhost,1192
localhost,1193
DB0B0813575,1194
DB0B0813575,1195
DB0B0813575,1197
DB0B0813575,1198
DB0B0813575,1199
DB0B0813575,1200
DB0B0813575,1201
DB0B0813575,1196
DB0B0826203,1195
DB0B0826203,1197
DB0B0826203,1198
DB0B0826203,1199
DB0B0826207,1200
DB0B0826203,1201
DB0B0826203,1194
DB0B0826203,1196
DB0B0810284,1197
DB0B0810284,1198
DB0B0810284,1199
DB0B0810290,1200
DB0B0810291,1201
DB0B0810284,1194
DB0B0810284,1195
DB0B0810284,1196
DB0B0903344,1202
DB0B0903344,1203
DB0B0903344,1204
DB0B0903344,1205
DB0B0810032,1206
DB0B0810030,1206
DB0B0826352,1206
DB0B0813279,1206
DB0B0809877,1206
DB0B0810032,1207
DB0B0810030,1207
DB0B0826352,1207
DB0B0813279,1207
DB0B0809877,1207
DB0B0810032,1208
DB0B0810030,1208
DB0B0826352,1208
DB0B0813279,1208
DB0B0809877,1208
DB0B0810032,1209
DB0B0810030,1209
DB0B0826352,1209
DB0B0813279,1209
DB0B0809877,1209
DB0B0810032,1210
DB0B0810030,1210
DB0B0826352,1210
DB0B0813279,1210
DB0B0809877,1210
DB0B0810032,1211
DB0B0810030,1211
DB0B0826352,1211
DB0B0813279,1211
DB0B0809877,1211
DB0B0810032,1212
DB0B0810030,1212
DB0B0826352,1212
DB0B0813279,1212
DB0B0809877,1212
RB0B0915578,1139
RB0B0915578,1140
RB0B0915578,1138
RB0B0915578,1142
RB0B0915578,1143
RB0B0830131,1213
RB0B0830131,1214
RB0B0830131,1215
RB0B0830131,1216
RB0B0830131,1217
RB0B0830131,1218
RB0B0830131,1219
DB0B0815071,1213
DB0B0815071,1214
DB0B0815071,1215
DB0B0815071,1216
DB0B0815071,1217
DB0B0815071,1218
DB0B0815071,1219
RB0B0830084,1213
RB0B0830084,1214
RB0B0830084,1215
RB0B0830084,1216
RB0B0830084,1217
RB0B0830084,1218
RB0B0830084,1219
RB0B0915528,1220
RB0B0915528,1221
RB0B0915528,1222
RB0B0915528,1223
RB0B0915528,1224
RB0B0915528,1225
DB0B0915703,1220
DB0B0915703,1221
DB0B0915703,1222
DB0B0915703,1223
DB0B0915703,1224
DB0B0915703,1225
RB0B0915578,1141
VDICLDAPDCED059,1226
RB0B0915531,1227
DB0B0800329,1228
RB0B0898987,1229
RB0B0898987,1230
RB0B0898987,1231
RB0B0898987,1232
RB0B0898987,1233
RB0B0902366,1229
RB0B0902366,1230
RB0B0902366,1231
RB0B0902366,1232
RB0B0902366,1233
RB0B0899261,1239
RB0B0899261,1240
RB0B0899261,1241
RB0B0899261,1242
RB0B0899261,1243
RB0B0899261,1244
RB0B0899261,1245
RB0B0899261,1246
RB0B0810054,1239
RB0B0810054,1240
RB0B0810054,1241
RB0B0810054,1242
RB0B0810054,1243
RB0B0810054,1244
RB0B0810054,1245
RB0B0810054,1246
DB0B0915680,1239
DB0B0915680,1240
DB0B0915680,1241
DB0B0915680,1242
DB0B0915680,1243
DB0B0915680,1244
DB0B0915680,1245
DB0B0915680,1246
DB0B0829593,1247
RB0B0902664,1069
RB0B0902664,1066
RB0B0902664,1067
RB0B0902664,1068
DB0B0826441,1248
DB0B0826441,1249
DB0B0826441,1250
DB0B0826441,1251
DB0B0826441,1252
DB0B0826441,1253
DB0B0826441,1254
DB0B0826441,1255
DB0B0826441,1256
DB0B0826441,1257
DB0B0826548,1258
DB0B0879263,1258
DB0B0915549,433
DB0B0915549,434
DB0B0915708,435
DB0B0915708,478
DB0B0915708,479
DB0B0915708,480
DB0B0915708,481
DB0B0915683,433
DB0B0915683,434
DB0B0915683,435
DB0B0915683,478
DB0B0915683,479
DB0B0915683,480
DB0B0915683,481
DB0B0813575,1259
DB0B0826203,1259
DB0B0810284,1259
DB0B0915647,1194
DB0B0915647,1195
DB0B0915647,1196
DB0B0915647,1197
DB0B0915647,1198
DB0B0915647,1199
DB0B0915647,1201
DB0B0915528,1194
DB0B0915528,1195
DB0B0915528,1196
DB0B0915528,1197
DB0B0915528,1198
DB0B0915528,1199
DB0B0915528,1201
DB0B0915627,1194
DB0B0915627,1195
DB0B0915627,1196
DB0B0915627,1197
DB0B0915627,1198
DB0B0915627,1199
DB0B0915627,1201
RB0B0903121,1260
RB0B0903121,1261
RB0B0903121,1262
RB0B0903121,1263
RB0B0903121,1264
DB0B0903139,1260
DB0B0903139,1261
DB0B0903139,1262
DB0B0903139,1263
DB0B0903139,1264
DB0B0915658,1265
DB0B0915658,1266
DB0B0915658,1267
DB0B0915658,1268
DB0B0915658,1270
DB0B0915658,1269
DB0B0915673,1265
DB0B0915673,1266
DB0B0915673,1267
DB0B0915673,1268
DB0B0915673,1270
DB0B0915673,1269
RB0B0915671,606
RB0B0915678,606
RB0B0915671,607
RB0B0915678,607
RB0B0915671,608
RB0B0915678,608
RB0B0915671,609
RB0B0915678,609
RB0B0915671,610
RB0B0915678,610
RB0B0915671,611
RB0B0915678,611
RB0B0915616,1271
RB0B0915675,1271
RB0B0915616,1272
RB0B0915675,1272
RB0B0915616,1273
RB0B0915675,1273
RB0B0915616,1274
RB0B0915675,1274
RB0B0915616,1275
RB0B0915675,1275
RB0B0915616,1276
RB0B0915675,1276
RB0B0915616,1277
RB0B0915675,1277
DB0B0915607,1278
DB0B0915648,1279
DB0B0915607,1280
RB0B0915599,1139
RB0B0915649,1139
RB0B0915579,1139
RB0B0915577,1139
RB0B0915582,1139
RB0B0915581,1139
RB0B0915600,1139
DB0B0915619,1139
RB0B0915590,1139
RB0B0915530,1139
RB0B0915622,1139
RB0B0915609,1139
RB0B0915608,1139
RB0B0915638,1139
RB0B0915617,1139
RB0B0915624,1139
RB0B0915628,1139
RB0B0915598,1139
RB0B0915646,1139
RB0B0915588,1139
RB0B0915591,1139
RB0B0915571,1139
RB0B0915540,1139
RB0B0915630,1139
RB0B0915580,1139
RB0B0915583,1139
RB0B0915575,1139
RB0B0915606,1139
RB0B0915636,1139
DB0B0915585,1139
RB0B0915599,1140
RB0B0915649,1140
RB0B0915579,1140
RB0B0915577,1140
RB0B0915582,1140
RB0B0915581,1140
RB0B0915600,1140
DB0B0915619,1140
RB0B0915590,1140
RB0B0915530,1140
RB0B0915622,1140
RB0B0915609,1140
RB0B0915608,1140
RB0B0915638,1140
RB0B0915617,1140
RB0B0915624,1140
RB0B0915628,1140
RB0B0915598,1140
RB0B0915646,1140
RB0B0915588,1140
RB0B0915591,1140
RB0B0915571,1140
RB0B0915540,1140
RB0B0915630,1140
RB0B0915580,1140
RB0B0915583,1140
RB0B0915575,1140
RB0B0915606,1140
RB0B0915636,1140
DB0B0915585,1140
DB0B0915599,1141
DB0B0915649,1141
DB0B0915579,1141
DB0B0915577,1141
DB0B0915582,1141
DB0B0915581,1141
DB0B0915600,1141
DB0B0915619,1141
DB0B0915590,1141
DB0B0915530,1141
DB0B0915622,1141
DB0B0915609,1141
DB0B0915608,1141
DB0B0915638,1141
DB0B0915617,1141
DB0B0915624,1141
DB0B0915628,1141
DB0B0915598,1141
DB0B0915646,1141
DB0B0915588,1141
DB0B0915591,1141
DB0B0915571,1141
DB0B0915540,1141
DB0B0915630,1141
DB0B0915583,1141
DB0B0915583,1141
DB0B0915575,1141
DB0B0915606,1141
DB0B0915636,1141
DB0B0915585,1141
DB0B0915599,1142
DB0B0915649,1142
DB0B0915579,1142
DB0B0915577,1142
DB0B0915582,1142
DB0B0915581,1142
DB0B0915600,1142
DB0B0915619,1142
DB0B0915590,1142
DB0B0915530,1142
DB0B0915622,1142
DB0B0915609,1142
DB0B0915608,1142
DB0B0915638,1142
DB0B0915617,1142
DB0B0915624,1142
DB0B0915628,1142
DB0B0915598,1142
DB0B0915646,1142
RB0B0915588,1142
DB0B0915591,1142
DB0B0915571,1142
DB0B0915540,1142
DB0B0915630,1142
DB0B0915583,1142
RB0B0915583,1142
DB0B0915575,1142
DB0B0915606,1142
DB0B0915636,1142
DB0B0915585,1142
DB0B0915599,1143
DB0B0915649,1143
DB0B0915579,1143
DB0B0915577,1143
DB0B0915582,1143
DB0B0915581,1143
DB0B0915600,1143
DB0B0915619,1143
DB0B0915590,1143
DB0B0915530,1143
DB0B0915622,1143
DB0B0915609,1143
DB0B0915608,1143
DB0B0915638,1143
DB0B0915617,1143
DB0B0915624,1143
DB0B0915628,1143
DB0B0915598,1143
DB0B0915646,1143
DB0B0915588,1143
DB0B0915591,1143
DB0B0915571,1143
DB0B0915540,1143
DB0B0915630,1143
DB0B0915583,1143
DB0B0915583,1143
DB0B0915575,1143
DB0B0915606,1143
DB0B0915636,1143
DB0B0915585,1143
DB0B0915599,1138
DB0B0915649,1138
DB0B0915579,1138
DB0B0915577,1138
DB0B0915582,1138
DB0B0915581,1138
DB0B0915600,1138
DB0B0915619,1138
DB0B0915590,1138
DB0B0915530,1138
DB0B0915622,1138
DB0B0915609,1138
DB0B0915608,1138
DB0B0915638,1138
DB0B0915617,1138
DB0B0915624,1138
DB0B0915628,1138
DB0B0915598,1138
DB0B0915646,1138
DB0B0915588,1138
DB0B0915591,1138
DB0B0915571,1138
DB0B0915540,1138
DB0B0915630,1138
DB0B0915583,1138
DB0B0915583,1138
DB0B0915575,1138
DB0B0915606,1138
DB0B0915636,1138
DB0B0915585,1138
DB0B0915602,1281
DB0B0915602,1282
DB0B0915602,1283
DB0B0915602,1284
DB0B0915602,1285
DB0B0915602,1286
DB0B0915602,1287
RB0B0915572,1281
RB0B0915572,1282
RB0B0915572,1283
RB0B0915572,1284
RB0B0915572,1285
RB0B0915572,1286
RB0B0915572,1287
DB0B0915612,1288
DB0B0915612,1289
DB0B0915612,1290
DB0B0915612,1291
DB0B0915612,1292
DB0B0915610,1288
DB0B0915610,1289
DB0B0915610,1290
DB0B0915610,1291
DB0B0915610,1292
DB0B0915584,1288
DB0B0915584,1289
DB0B0915584,1290
DB0B0915584,1291
DB0B0915584,1292
DB0B0915538,1294
DB0B0915538,1295
RB0B0915552,1294
RB0B0915552,1295
VDICLDAPDCED054,1299
RB0B0899251,1300
RB0B0899251,1301
RB0B0899251,1302
RB0B0899251,1303
RB0B0899251,1304
RB0B0902539,1300
RB0B0902539,1301
RB0B0902539,1302
RB0B0902539,1303
RB0B0902539,1304
DB0B0915620,1300
DB0B0915620,1301
DB0B0915620,1302
DB0B0915620,1303
DB0B0915620,1304
DB0B0902528,1305
RB0B0915532,1271
RB0B0915532,1273
RB0B0915532,1276
RB0B0915532,1277
RB0B0915653,1271
RB0B0915653,1273
RB0B0915653,1276
RB0B0915653,1277
RB0B0915664,1306
RB0B0915664,1307
RB0B0915664,1308
RB0B0915664,1309
RB0B0915662,1306
RB0B0915662,1307
RB0B0915662,1308
RB0B0915662,1309
DB0B0915518,182
RB0B0915687,1310
RB0B0915687,1311
RB0B0915687,1312
RB0B0915687,1313
RB0B0915687,1314
RB0B0915687,1315
RB0B0915687,1316
RB0B0915687,1317
RB0B0915687,1318
RB0B0915651,1310
RB0B0915651,1311
RB0B0915651,1312
RB0B0915651,1313
RB0B0915651,1314
RB0B0915651,1315
RB0B0915651,1316
RB0B0915651,1317
RB0B0915651,1318
RB0B0915641,1310
RB0B0915641,1311
RB0B0915641,1312
RB0B0915641,1313
RB0B0915641,1314
RB0B0915641,1315
RB0B0915641,1316
RB0B0915641,1317
RB0B0915641,1318
DB0B0915538,1310
DB0B0915538,1311
DB0B0915538,1312
DB0B0915538,1313
DB0B0915538,1314
DB0B0915538,1315
DB0B0915538,1316
DB0B0915538,1317
DB0B0915538,1318
DB0B0915584,1310
DB0B0915584,1311
DB0B0915584,1312
DB0B0915584,1313
DB0B0915584,1314
DB0B0915584,1315
DB0B0915584,1316
DB0B0915584,1317
DB0B0915584,1318
RB0B0915596,1319
RB0B0915596,1320
RB0B0915596,1321
RB0B0915596,1322
RB0B0915596,1323
RB0B0915596,1324
RB0B0915596,1325
RB0B0915596,1326
RB0B0915596,1327
RB0B0915596,1328
RB0B0915596,1329
RB0B0915596,1330
RB0B0915596,1331
RB0B0915596,1332
RB0B0915596,1333
RB0B0915613,1319
RB0B0915613,1320
RB0B0915613,1321
RB0B0915613,1322
RB0B0915613,1323
RB0B0915613,1324
RB0B0915613,1325
RB0B0915613,1326
RB0B0915613,1327
RB0B0915613,1328
RB0B0915613,1329
RB0B0915613,1330
RB0B0915613,1331
RB0B0915613,1332
RB0B0915613,1333
RB0B0872639,1319
RB0B0872639,1320
RB0B0872639,1321
RB0B0872639,1322
RB0B0872639,1323
RB0B0872639,1324
RB0B0872639,1325
RB0B0872639,1326
RB0B0872639,1327
RB0B0872639,1328
RB0B0872639,1329
RB0B0872639,1330
RB0B0872639,1331
RB0B0872639,1332
RB0B0872639,1333
RB0B0835348,1334
RB0B0835348,1335
RB0B0835348,1334
RB0B0835348,1335
RB0B0915626,1336
db0b0915626,1337
db0b0915626,1338
db0b0915626,1339
db0b0915626,1340
RB0B0915626,1341
RB0B0915626,1342
RB0B0915626,1343
RB0B0915626,1344
RB0B0915618,1336
RB0B0915618,1337
RB0B0915618,1338
RB0B0915618,1339
RB0B0915618,1340
RB0B0915618,1341
RB0B0915618,1342
RB0B0915618,1343
RB0B0915618,1344
RB0B0915573,1336
RB0B0915573,1337
RB0B0915573,1338
RB0B0915573,1339
RB0B0915573,1340
RB0B0915573,1341
RB0B0915573,1342
RB0B0915573,1343
RB0B0915573,1344
DB0B0826238,276
DB0B0826238,277
RB0B0915574,1345
RB0B0915574,1346
RB0B0915574,1347
RB0B0915574,1348
RB0B0915574,1349
RB0B0915574,1350
RB0B0915589,1345
RB0B0915589,1346
RB0B0915589,1347
RB0B0915589,1348
RB0B0915589,1349
RB0B0915589,1350
RB0B0915587,1345
RB0B0915587,1346
RB0B0915587,1347
RB0B0915587,1348
RB0B0915587,1349
RB0B0915587,1350
RB0B0915654,1351
RB0B0915654,1352
RB0B0915654,1353
RB0B0915654,1354
db0b0915525,1351
db0b0915525,1352
db0b0915525,1353
db0b0915525,1354
RB0B0915519,1355
RB0B0915519,1356
RB0B0915519,1357
RB0B0915519,1358
RB0B0915561,1355
RB0B0915561,1356
RB0B0915561,1357
RB0B0915561,1358
DB0B0915559,1355
DB0B0915559,1356
DB0B0915559,1357
DB0B0915559,1358
db0b0884585,1359
DB0B0902567,1028
RB0B0915666,1029
RB0B0915666,1030
DB0B0902567,1031
RB0B0915666,1032
RB0B0915666,1033
RB0B0915666,1034
RB0B0915666,1035
DB0B0902567,1036
DB0B0902567,1037
DB0B0902567,1038
DB0B0902567,1039
DB0B0902567,1040
DB0B0902567,1041
DB0B0902567,1042
DB0B0902567,1043
DB0B0902567,1044
DB0B0902567,1045
RB0B0915666,1046
RB0B0915666,1047
RB0B0915666,1048
RB0B0915666,1049
RB0B0915666,1050
RB0B0915666,1051
RB0B0915666,1052
RB0B0915666,1053
RB0B0915666,1054
RB0B0915666,1055
RB0B0915666,1056
DB0B0902564,1028
DB0B0902564,1031
RB0B0915637,1030
RB0B0915637,1032
RB0B0915637,1033
DB0B0902564,1034
RB0B0915637,1035
RB0B0915637,1036
RB0B0915637,1037
RB0B0915637,1038
RB0B0915637,1039
RB0B0915637,1040
RB0B0915637,1041
DB0B0902564,1042
DB0B0902564,1043
DB0B0902564,1044
RB0B0915637,1045
RB0B0915637,1046
RB0B0915637,1047
RB0B0915637,1048
RB0B0915637,1029
RB0B0915637,1049
RB0B0915637,1050
RB0B0915637,1051
RB0B0915637,1052
RB0B0915637,1053
RB0B0915637,1054
RB0B0915637,1055
RB0B0915637,1056
RB0B0915546,1360
RB0B0915546,1361
RB0B0915566,1360
RB0B0915566,1361
RB0B0915555,1362
RB0B0883158,1019
RB0B0883158,1020
RB0B0883158,1021
RB0B0883158,1022
RB0B0883158,1023
RB0B0883158,1024
VDICLDAPDCED039,1363
VDICLDAPDCED043,1364
VDICLDAPDCED040,1365
RB0B0915567,1366
RB0B0915567,1367
RB0B0915567,1368
RB0B0915567,1369
RB0B0915567,1370
RB0B0915567,1371
RB0B0915567,1372
db0b0915687,1373
RB0B0915543,1366
RB0B0915543,1367
RB0B0915543,1368
RB0B0915543,1369
RB0B0915543,1370
RB0B0915543,1371
RB0B0915543,1372
db0b0915543,1373
RB0B0915568,1366
RB0B0915568,1367
RB0B0915568,1368
RB0B0915568,1369
RB0B0915568,1370
RB0B0915568,1371
RB0B0915568,1372
db0b0915568,1373
RB0B0915669,1374
RB0B0915669,1375
RB0B0915669,1376
RB0B0915669,1377
RB0B0915669,1378
RB0B0915669,1379
RB0B0915669,1380
RB0B0915669,1381
RB0B0915669,1382
RB0B0915669,1383
RB0B0915669,1384
RB0B0915669,1385
RB0B0915669,1386
RB0B0915669,1387
RB0B0915660,1374
RB0B0915660,1375
RB0B0915660,1376
RB0B0915660,1377
RB0B0915660,1378
RB0B0915660,1379
RB0B0915660,1380
RB0B0915660,1381
RB0B0915660,1382
RB0B0915660,1383
RB0B0915660,1384
RB0B0915660,1385
RB0B0915660,1386
RB0B0915660,1387
pb0b0572377,1388
RB0B0835175,1389
RB0B0835175,1390
RB0B0835175,1391
DB0B0872120,1392
DB0B0872120,1393
DB0B0872120,1394
db0b0915615,1395
DB0B0872121,1396
DB0B0860667,1397
DB0B0860667,1398
DB0B0872201,949
DB0B0872201,1397
DB0B0872201,1398
DB0B0818745,1399
RB0B0878341,1401
RB0B0878341,1402
RB0B0878341,1403
RB0B0903674,1401
RB0B0903674,1402
RB0B0903674,1403
db0b0810000,1404
db0b0810000,1405
db0b0810000,1406
db0b0810000,1407
db0b0810000,1408
db0b0810000,1409
RB0B0872093,1404
RB0B0872093,1405
RB0B0872093,1406
RB0B0872093,1407
RB0B0872093,1408
RB0B0872093,1409
RB0B0902798,172
RB0B0876063,1410
RB0B0876063,1411
RB0B0878969,1410
RB0B0878969,1411
RB0B0870344,1
DB0B0915625,1
RB0B0829251,1
DB0B0902650,2
PB0B0817523,3
RB0B0915704,4
RB0B0898866,4
DB0B0835514,5
PB0B0826287,6
PB0B0829250,6
DB0B0802155,7
DB0L0854856,7
PB0L0760134,7
PB0L0768413,7
PB0B0826297,12
PB0B0812666,13
PB0B0811723,14
PB0B0811721,15
PB0B0817468,16
DB0B0835529,17
RB0B0872844,18
RB0B0876747,18
RB0B0879117,18
RB0B0879099,18
PB0B0912011,33
PB0B0912589,34
PB0L0855887,35
PB0B0817453,16
PB0B0901614,39
PB0B0800335,7
PB0B0800462,40
DB0B0828854,41
RB0B0835508,18
PB0B0812656,18
PB0B0812677,42
PB0B0560416,42
PB0B0812659,42
PB0B0812650,42
PB0B0800325,42
PB0B0813127,43
DB0B0915536,44
DB0B0828710,45
PB0B0800470,46
VDICLDAPDCED031,47
RB0B0828815,48
PB0B0871082,51
PB0B0871082,56
PB0B0800470,57
DB0B0802152,48
PB0B0813159,58
PB0B0560306,1
RB0B0882616,1
PB0B0564805,1
PB0L0754916,1
VDICLDAPDCED032,47
RB0B0810172,59
VDICLDAPDCED033,47
PB0B0571193,61
DB0B0818699,62
DB0B0810000,63
RB0B0915513,64
DB0L0867638,65
RB0B0877739,66
PB0B0813140,70
PB0l0855408,71
PB0l0855408,72
PB0l0855408,73
DB0B0826380,74
DB0B0826381,74
DB0B0826376,74
PB0B0812661,75
PB0B0813136,76
DB0B0828842,77
RB0B0915551,78
DB0B0826437,1
B0015CP1A,60
PB0B0831394,79
RB0B0810336,80
PB0B0810924,81
PB0B0813132,81
PB0B0813114,82
PB0B0892682,84
DB0B0826484,85
RB0B0826389,86
RB0B0826389,87
RB0B0826389,89
RB0B0826389,88
RB0B0903304,90
RB0B0882304,91
Rb0b0915558,92
PB0B0813174,93
RB0B0872619,94
DB0B0873811,95
PB0B0831398,96
PB0B012648,92
RB0B0872619,97
RB0B0872619,98
PB0B00564725,99
PB0B00564725,100
PB0B00564725,101
PB0B00564725,102
PB0B00564725,103
PB0B00564725,104
PB0B00564725,105
PB0B0831417,107
DB0B0809995,111
DB0B0809994,108
DB0B0828723,109
DB0B0879123,109
PB0B0817396,110
PB0B00564725,106
RB0B0835138,112
RB0B0879840,115
RB0B0876890,59
DB0B0826385,117
DB0B0826385,117
DB0B0826385,118
DB0B0826385,119
DB0B0826385,120
DB0B0826385,121
DB0B0826385,122
DB0B0826484,84
DB0B0828779,109
PB0B0812661,124
PB0L00555330,125
PB0L08555330,126
DB0B0813496,127
PB0B0813113,128
DB0B0818745,129
RB0B0874341,130
RB0B0915604,130
RB0B0834197,130
DB0B0874331,130
DB0B0835509,130
RB0B0818685,130
RB0B0878356,130
RB0B0818685,130
RB0B0810447,130
RB0B0810476,130
RB0B0874341,131
DB0B0835518,131
RB0B0826557,131
DB0B0874331,131
DB0B0835509,131
RB0B0872161,131
RB0B0878356,131
RB0B0818685,131
RB0B0810447,131
RB0B0810476,131
RB0B0874341,132
DB0B0835518,132
DB0B0835518,132
DB0B0874331,132
DB0B0835509,132
RB0B0872161,132
RB0B0878356,132
DB0B0810473,132
RB0B0810447,132
RB0B0810476,132
RB0B0826547,48
RB0B0915611,48
RB0B0826520,48
DB0B0879225,133
DB0B0872147,133
DB0B0903397,133
DB0B0902422,133
DB0B0810529,133
DB0B0810537,133
DB0B0810490,133
DB0B0810537,133
DB0B0828710,134
PB0B0571415,135
PB0B0817389,135
PB0B0813162,135
PB0B0817416,135
RB0B0915527,135
PB0B0813126,135
RB0B0874339,135
RB0B0873832,135
RB0B0802125,135
DB0B0812112,136
DB0B0876054,137
RB0B0874356,115
RB0B0828736,138
DB0B0826385,139
DB0B0826385,140
DB0B0826385,141
PB0B0810825,142
DB0B0826548,143
DB0B0563872,144
DB0B0872178,145
DB0B0872126,145
VDIBDRPA004,146
VDIBDRPA005,146
VDIBDRPA006,146
VDIBDRPA007,146
VDIBDRPA008,146
VDIBDRPA009,146
VDIBDRPA010,146
PB0B0812259,147
PB0B0831433,148
PB0B0831426,149
PB0B0812637,150
PB0B0870486,151
DB0B0810046,152
DB0B0810042,152
PB0B0811860,153
RB0B0828703,154
PB0B0812691,155
PB0B0812691,156
PB0B0812691,157
PB0B0812691,158
DB0L0858710,159
PB0B0817576,107
DB0B0810021,107
DF0F2520822,107
DB0B0810046,107
DB0B0810042,107
RB0B0903133,160
RB0B0872870,2
RB0B0882616,161
RB0B0915547,162
PB0l0855825,163
PB0B0800275,164
PB0B0812656,167
PB0B0812671,168
DB0B0826494,169
DB0B0810010,128
DB0B0826266,170
DB0l056190,171
RB0B0915693,172
VDICLDAPDCED005,173
DB0B0915686,174
DB0B0826442,107
DB0B0826468,107
DB0B0826441,107
RB0B0826270,174
DB0B0826293,175
RB0B0826436,176
RB0B0826556,130
DB0B0826556,131
DB0B0826556,132
RB0B0878307,130
RB0B0878307,131
RB0B0878307,132
RB0B0826546,130
RB0B0826546,131
RB0B0826546,132
RB0B0826526,130
RB0B0826526,131
RB0B0826526,132
RB0B0829253,174
RB0B0826365,174
DB0B0826301,135
RB0B0835712,135
RB0B0835712,135
RB0B0884559,135
DB0B0826256,177
DB0B0818717,1
RB0B0826481,1
DB0B0915614,1
PB0B0831399,178
PB0B0571379,179
DB0B0828801,74
DB0B0828690,167
RB0B0828701,167
DB0B0829593,180
DB0B0826443,181
DB0B0826304,181
VDICLDAPDCED010,182
DP000013964,183
DB0B0873833,74
DB0B0826469,184
DB0B0826263,15
DB0B0826264,15
DB0B0826669,15
DB0B0826292,15
PB0B0900449,185
DB0B0826300,204
PB0B0831408,204
PB0B0560868,204
DB0B0830136,204
PB0B0818025,204
PB0B0564525,204
PB0B0571246,204
DB0B0830111,204
PB0B0817430,204
PB0B0564828,204
PB0B0831394,205
DB0B0826466,206
DB0B0813357,207
DB0B0813357,208
DB0B0873829,461
DB0B0826289,210
RB0B0000000,211
RB0B0876695,212
DB0B0898898,213
DB0B0879129,214
DB0B0826314,215
DB0B0826549,216
RB0B0810077,217
RB0B0915667,18
RB0B0879048,18
RB0B0872127,18
RB0B0830116,218
RB0B0878260,18
PB0B0831430,219
DB0B0834177,130
RB0B0834163,130
RB0B0834178,130
RB0B0834198,130
RB0B0834193,130
RB0B0873805,130
RB0B0834197,130
RB0B0834219,130
DB0B0834184,130
RB0B0834218,130
DB0L0858453,223
DB0L0860816,224
VDICLDAPDCED005,225
DB0B0809976,226
RB0L0861994,218
RB0B0826375,218
RB0B0830119,218
PB0B0813146,229
RB0B0826540,130
RB0B0826540,131
RB0B0826540,132
RB0B0915570,130
RB0B0915570,131
RB0B0915570,132
RB0B0826557,130
RB0B0826557,131
DB0B0826557,132
RB0B0826559,130
RB0B0826559,131
RB0B0826559,132
VDICLDAPDCED055,230
DB0B0812112,231
DB0B0826488,232
DB0B0826488,233
DB0B0826488,234
DB0B0826488,235
DB0B0826488,236
DB0B0828849,232
DB0B0828849,233
DB0B0828849,234
DB0B0828849,235
DB0B0828849,236
DB0L0860816,237
DB0L0860816,238
RB0B0828805,239
DV0V0507117,244
DB0B0834177,131
RB0B0834163,131
RB0B0834178,131
DB0B0834198,131
DB0B0834193,131
DB0B0834185,131
DB0B0834197,131
DB0B0834219,131
DB0B0834184,131
DB0B0834218,131
DB0B0834177,132
DB0B0834163,132
DB0B0834178,132
DB0B0834198,132
DB0B0834193,132
DB0B0834185,132
RB0B0834197,132
RB0B0834219,132
DB0B0834184,132
DB0B0834218,132
PB0B0813177,130
RB0B0915570,131
PB0B0813177,132
DB0B0873795,130
DB0B0873795,131
DB0B0873795,132
DB0B0873821,245
PB0B0826360,6
PB0B0564911,246
DB0L0860704,48
DB0B0826543,247
DB0B0828794,248
DB0L0860140,249
DB0B0915635,250
DB0B0915597,250
DB0L0860816,251
DB0B0563872,252
RB0B0826292,254
PB0B0802123,255
PB0B0802123,256
DB0B0879126,257
DB0B0879126,258
DB0B0879126,259
PB0B0812677,255
PB0B0812677,256
PB0B0812677,257
PB0B0810827,258
PB0B0810827,259
PB0B0572097,255
PB0B0560416,256
PB0B0572097,257
PB0B0572097,258
PB0B0572097,259
PB0B0812659,255
PB0B0812659,256
DB0B0902421,257
DB0B0902421,258
DB0B0902421,259
PB0B0812650,255
PB0B0812650,256
DB0B0915663,257
DB0B0915663,258
DB0B0915663,259
PB0B0571536,255
PB0B0571536,256
DB0B0810487,257
DB0B0810487,258
DB0B0810487,259
PB0B0826891,255
PB0B0826891,256
PB0B0826891,257
PB0B0826891,258
PB0B0826891,259
PB0B0810842,81
PB0B0572377,260
PB0B0813142,261
DB0B0903036,262
DB0B0828742,263
PB0B0571196,264
RB0B0876642,112
DB0L0854875,265
DB0L0854875,266
DB0L0854875,267
DB0B0835511,268
DB0B0835511,269
DB0B0835511,270
DB0B0835511,271
DB0B0835511,272
DB0B0835511,273
DB0B0835511,274
DB0B0835529,275
RB0B0828668,276
RB0B0828847,277
RB0B0915516,277
RB0B0899260,277
RB0B0876031,278
DB0B0810383,262
VDICLDAPDCED055,279
PB0B0572162,281
PB0B0800330,281
PB0B0572162,282
PB0B0800330,282
DB0B0872178,283
DB0B0872126,283
PB0B0572162,284
PB0B0800330,284
DB0B0915536,285
DB0B0915536,286
DB0B0915536,287
DP000013964,288
DB0B0826543,289
PB0B0817453,3
RB0B0915520,292
RB0B0915520,293
RB0B0915520,294
DB0B0826543,296
DB0B0915682,297
DB0B0915682,462
DB0B0915682,463
DB0B0915682,464
DB0B0828753,297
DB0B0815081,462
DB0B0872153,290
DB0B0872153,291
DB0B0835525,290
DB0B0835525,291
DB0B0883114,299
DB0B0903455,298
DB0B0874337,300
VDICLDAPDCED013,301
VDIBCPAAA26,300
VDICLDAPDCED014,301
DB0B0810297,302
DB0B0810297,303
DB0B0810297,304
DB0B0810297,305
RB0B0873903,306
RB0B0810004,306
RB0B0903622,306
RB0B0828781,306
RB0B0872177,306
RB0B0872125,306
RB0B0872172,306
RB0B0876536,306
DB0B0826469,307
DBP0075GBM,308
RB0B0882598,311
DB0B0835528,290
DB0B0835528,291
PB0B0812657,59
PB0B0815723,312
RB0B0835333,59
PB0B0826797,314
PB0B0826797,315
PB0B0826797,316
DB0B0809875,161
DB0B0826277,162
DB0B0810208,318
DB0B0810259,328
DB0B0835526,328
RB0B0884607,18
RB0B0877043,18
PB0B0870547,342
DB0B0810287,343
DB0B0873810,341
DB0B0873819,341
DB0B0873834,341
DB0L0563596,345
DB0B0830065,347
DB0B0830065,348
DB0L0694591,350
DB0B0872233,349
PB0B0572196,255
PB0B0572196,256
PB0B0572196,257
PB0B0572196,258
PB0B0572196,259
PB0B0564799,81
PB0B0564849,81
RB0B0810445,175
DB0L0869499,175
PB0B0572328,175
DB0B0915524,250
PB0B0564620,352
PB0B0564620,353
RB0B0915661,355
DB0B0835514,356
DB0B0835514,357
DB0B0835514,358
DB0B0835514,359
DB0B0828692,360
DB0B0810228,360
DB0B0828688,360
DB0B0835512,361
DB0B0835512,362
DB0B0835512,363
PB0B0817758,365
DB0B0873830,366
DB0B0873830,367
DB0B0873830,368
DB0B0873830,369
DB0B0826380,370
DB0B0826380,371
DB0B0826380,372
DB0B0826380,373
DB0B0826381,370
DB0B0826381,371
DB0B0826381,372
DB0B0826381,373
DB0B0826376,370
DB0B0826376,371
DB0B0826376,372
DB0B0826376,373
DB0B0873833,370
DB0B0873833,371
DB0B0873833,372
DB0B0873833,373
DB0B0828801,370
DB0B0828801,371
DB0B0828801,372
DB0B0828801,373
RB0B0828694,375
DB0B0835517,268
DB0B0835517,269
DB0B0835517,270
DB0B0835517,271
DB0B0835517,272
DB0B0835517,273
DB0B0835517,274
DB0B0835511,268
DB0B0835511,269
DB0B0835511,270
DB0B0835511,271
DB0B0835511,272
DB0B0835511,273
DB0B0835511,274
DB0B0835524,268
DB0B0835524,269
DB0B0835524,270
DB0B0835524,271
DB0B0835524,272
DB0B0835524,273
DB0B0835524,274
RB0B0902477,376
DB0B0829945,378
PB0B0815723,380
PB0B0815723,381
RB0B0828805,382
DB0B0828805,383
RB0B0828805,384
RB0B0828805,385
DB0B0873822,382
DB0B0873822,383
DB0B0873822,384
DB0B0873822,385
DB0B0873822,239
DB0B0802120,394
PB0B0572328,394
DB0L0869736,394
RB0B0810445,394
PB0B0564887,395
PB0B0564887,295
DB0B0899192,396
DB0B0874340,263
DB0B0813566,400
DB000563709,401
DB0B0835520,402
DB0B0874336,402
DB0B0809994,403
DB0B0829490,406
DB0B0829490,407
DB0B0829490,408
DB0B0829490,409
DB0B0873828,328
DB0B0828851,328
DB0B0879111,318
DB0B0874346,162
DB0B0835521,410
DB0B0835521,411
DB0B0835521,412
DB0B0879827,413
DB0B0829593,415
RB0B0882926,417
DB0B0835529,420
DB0B0813524,421
DB0B0915595,422
DB0B0915595,423
DB0B0915595,424
DB0B0915595,425
DB0B0915595,426
DB0B0915595,427
DB0L0869736,430
DB0B0802120,430
RB0L0869499,430
PB0B0572328,430
PB0B0817874,419
DB0B0826556,418
RB0B0878307,418
PB0B0817775,428
PB0B0817775,429
DB0B0915595,431
VDIBCPAAA06,300
VDIBCPAAA19,300
VDIBCPAAA02,300
VDIBCPRPP039,300
VDIBCPRPP024,300
VDIBCPRPP015,300
VDIBCPRPP045,300
VDIBCPAAA27,300
DB0B0878294,341
DB0B0829250,341
DB0B0879268,341
DB0B0879121,341
RB0B0872129,341
VDIBCPRPP036,341
VDIBCPRPP050,341
VDIBCPRPP012,341
DB0B0826543,432
RB0B0902988,433
RB0B0902988,434
RB0B0902988,435
RB0B0873831,436
RB0B0873831,437
RB0B0873831,438
RB0B0874349,375
DV0V0505097,439
DV0V0505097,441
DV0V0505097,442
PB0B0874258,443
PB0B0874258,444
DB0B0829593,445
DB0B0829593,446
DP000014010,448
DB0B0834170,449
DB0B0810287,450
DB0B0810287,451
DB0B0835520,452
DB0B0874336,452
DB0B0835512,453
DB0B0878537,454
DB0B0829593,455
B0811460,456
PB0B0811858,291
VDIBCPRAA044,291
DB0B0874355,457
DB0B0879109,457
DB0B0874351,457
DB0B0834177,457
DB0B0874343,457
DB0B0879114,457
RB0B0882663,458
RB0B0873826,459
RB0B0872160,460
RB0B0872141,459
PB0B0873592,461
DB0B0873814,461
PB0B0837191,465
RB0B0879108,18
PB0B0813140,70
PB0B0813140,467
PB0B0813140,467
PB0B0813140,468
PB0B0813140,468
PB0B0813140,469
PB0B0813140,469
PB0B0813140,470
PB0B0813140,470
PB0B0813140,471
PB0B0813140,471
PB0B0813140,472
PB0B0813140,472
PB0B0813140,473
PB0B0813140,473
PB0B0813140,474
PB0B0813140,474
PB0B0837191,475
DBP0076GBM,476
RB0B0915679,478
RB0B0915679,479
RB0B0915679,480
RB0B0915679,481
RB0B0879107,484
RB0B0879107,482
RB0B0876493,483
RB0B0882462,485
DB0B0826543,486
DB0B0826543,487
DB0B0826543,488
DB0B0826543,489
DB0B0826543,490
DB0B0826543,491
DB0B0826543,492
DB0B0828830,493
DB0B0828830,494
DB0B0828830,495
DB0B0828830,496
DB0B0828830,497
DB0B0828830,498
PB0B0870659,494
PB0B0870659,495
PB0B0870659,496
PB0B0870659,497
PB0B0870659,498
PB0B0571666,81
PB0B0817576,81
PB0B0831413,81
PB0B0867321,81
DB0B0810075,81
DB0B0835523,500
DB0B0915699,501
RB0B0879107,485
DB0B0874336,502
DB0B0874336,503
DB0B0874336,504
DB0B0872159,505
DB0B0872159,506
DB0B0872159,507
DB0B0874336,502
DB0B0874336,503
DB0B0874336,504
DB0B0872159,505
DB0B0872159,506
DB0B0872159,507
DB0B0809991,80
DB0B0879262,508
DB0B0879262,509
DB0B0879273,508
DB0B0879273,509
RB0B0902242,511
RB0B0902241,510
RB0B0902241,512
RB0B0902241,513
DB0B0902241,514
RB0B0902241,515
PB0B0835993,516
RB0B0902245,510
RB0B0902245,512
RB0B0902245,513
RB0B0902245,514
RB0B0902245,515
RB0B0902245,516
VDIBCPRPP021,510
VDIBCPRPP013,512
PB0B0835993,513
VDIBCPRPP013,514
PB0B0835993,515
PB0B0835993,516
VDIBCPRPP003,510
VDIBCPRPP003,512
PB0B0835993,513
PB0B0835993,514
PB0B0835993,515
PB0B0835993,516
VDIBCPRPP047,510
VDIBCPRPP047,512
PB0B0835993,513
VDIBCPRPP047,514
PB0B0835993,515
PB0B0835993,516
PB0B0835993,510
PB0B0835993,512
PB0B0835993,513
PB0B0835993,514
PB0B0835993,515
PB0B0835993,516
PB0B0835993,510
PB0B0835993,512
PB0B0835993,513
PB0B0835993,514
PB0B0835993,515
PB0B0835993,516
PB0B0835993,510
PB0B0835993,512
PB0B0835993,513
PB0B0835993,514
PB0B0835993,515
PB0B0835993,516
PB0B0835993,510
PB0B0835993,512
PB0B0835993,513
PB0B0835993,514
PB0B0835993,515
PB0B0835993,516
VDICLDAPDCED015,301
VDICLDAPDCED016,301
VDICLDAPDCED017,301
VDICLDAPDCED018,301
VDICLDAPDCED019,301
VDICLDAPDCED020,301
PB0B0571480,517
RB0B0875967,518
RB0B0875967,519
RB0B0875967,520
RB0B0875967,521
PB0B0817407,522
PB0B0817407,518
PB0B0817407,519
PB0B0817407,520
PB0B0817407,521
PB0B0571198,522
DB0B0877741,508
DB0B0879223,508
DB0B0877741,509
DB0B0879223,509
DB0B0879262,523
DB0B0879273,523
DB0B0877741,523
DB0B0879223,523
RB0B0879081,524
RB0B0876087,525
RB0B0877721,525
RB0B0877688,525
RB0B0826487,525
DBB0B0877698,526
RB0B0879276,527
DB0B0877726,527
RB0B0879280,527
RB0B0870301,527
DB0B0879222,527
DB0B0828773,528
DB0B0828773,529
DB0B0828773,530
DB0B0828773,531
DB0B0873810,528
DB0B0873810,529
DB0B0873810,530
DB0B0873810,531
DB0B0874337,533
DB0B0874337,532
PB0B0811493,534
PB0B0829265,535
DB0B0810383,535
PB0B0564775,535
DB0B0902424,4
DB0B0800329,4
DB0B0826277,533
DB0B0835526,533
DB0B0809875,533
DB0B0810208,532
DB0B0903193,533
DB0B0903193,532
PB0B0829265,536
PB0B0564775,536
DB0B0802152,537
DB0B0802152,538
DB0B0802152,539
DB0B0802152,540
RB0F2531020,541
RB0B0915647,542
RB0F2531020,545
RB0F2531020,546
DB0B0872122,547
RB0F2531020,548
RB0B0915634,542
RB0B0810202,541
RB0F2531020,542
RB0B0810202,546
DB0B0872122,547
RB0B0902236,542
RB0B0915647,549
RB0B0899269,541
RB0B0899269,544
RB0B0899269,542
DB0B0872122,547
RB0B0902239,542
RB0B0915634,549
RB0B0902239,541
RB0B0902239,544
RB0B0902239,546
DB0B0872122,547
RB0B0902239,548
RB0B0902239,549
RB0B0902236,541
RB0B0902236,544
RB0B0902236,546
DB0B0872122,547
RB0B0902236,548
RB0B0902236,549
RB0B0915706,542
RB0B0915706,543
RB0B0882957,18
RB0B0882943,18
RB0B0882922,18
RB0B0882965,18
RB0B0902652,18
RB0B0882976,18
RB0B0882978,18
RB0B0882920,18
RB0B0915642,18
RB0B0882959,18
RB0B0882925,18
DB0B0882942,18
DB0B0882946,18
DB0B0882940,18
DB0B0882970,556
RB0B0902242,510
RB0B0902242,512
RB0B0902242,513
DB0B0902242,514
DB0B0902242,515
DB0B0902242,516
DB0B0903178,550
DB0B0903178,551
DB0B0903178,552
DB0B0874335,553
DB0B0874335,554
DB0B0874335,555
DB0B0915511,553
DB0B0915511,554
DB0B0915511,555
RB0B0873823,557
RB0B0873823,558
RB0B0915550,557
RB0B0915550,558
DB0B0872130,559
RB0B0879120,559
PB0B0800332,560
RB0B0882951,561
RB0B0882951,562
RB0B0882951,563
RB0B0882951,564
RB0B0882950,561
RB0B0882950,562
RB0B0882950,563
RB0B0882950,564
RB0B0882963,561
RB0B0882963,562
RB0B0882963,563
RB0B0882963,564
RB0B0882962,561
RB0B0882962,562
RB0B0882962,563
RB0B0882962,564
DB0B0882952,561
RB0B0882952,562
RB0B0882952,563
DB0B0882952,564
DB0B0882953,561
RB0B0882953,562
RB0B0882953,563
DB0B0882953,564
DB0B0882941,561
RB0B0882941,562
RB0B0882941,563
DB0B0882941,564
DB0B0882960,561
DB0B0882960,562
DB0B0882960,563
DB0B0882960,564
DB0B0882964,561
RB0B0882964,562
RB0B0882964,563
DB0B0882964,564
DB0B0882932,561
DB0B0882932,562
DB0B0882932,563
DB0B0882932,564
RB0B0882939,561
RB0B0882939,562
RB0B0882939,563
RB0B0882939,564
DB0B0882977,561
RB0B0882977,562
RB0B0882977,563
DB0B0882977,564
RB0B0882947,561
RB0B0882947,562
RB0B0882947,563
RB0B0882947,564
RB0B0876740,561
RB0B0876740,562
RB0B0876740,563
RB0B0876740,564
RB0B0882958,561
RB0B0882958,562
RB0B0882958,563
RB0B0882958,564
RB0B0829515,565
RB0B0829515,566
RB0B0818676,565
RB0B0818676,566
PB0B0827265,560
DB0B0878283,567
DB0B0878283,568
DB0B0878283,569
DB0B0882946,571
DB0B0882946,570
DB0B0882940,571
DB0B0882946,572
RB0B0915550,559
DB0B0879120,557
DB0B0879120,558
DB0B0810076,574
DB0B0810076,575
DB0B0810422,574
DB0B0810422,575
DV0V0505115,574
DV0V0507322,575
VDICLDAPDCED062,576
VDICLDAPDCED053,573
RB0B0915517,577
RB0B0915517,578
DB0B0902611,579
DB0B0902611,580
DB0B0902611,581
DV0V0506031,582
DV0V0506031,582
DB0B0879275,583
VDICLDAPDCED034,584
DB0B0879134,585
DB0B0879134,586
DB0B0879134,587
DB0B0879134,588
DB0B0879134,589
DB0B0884576,590
DB0B0828852,591
DB0B0902552,592
DB0B0902552,593
DB0B0872093,591
DB0B0902664,592
DB0B0902664,593
VDIBDRPA010,594
RB0B0828703,606
RB0B0828703,607
RB0B0828703,608
RB0B0828703,609
RB0B0828703,610
RB0B0828703,611
RB0B0915661,606
RB0B0915661,607
RB0B0915661,608
RB0B0915661,609
RB0B0915661,610
RB0B0915661,611
RB0B0826292,606
RB0B0826292,607
RB0B0826292,608
RB0B0826292,609
RB0B0826292,610
RB0B0826292,611
DB0B0899257,612
DB0B0898848,612
DB0B0878270,612
DB0B0902235,613
DB0B0902240,613
DB0B0902243,613
DB0B0902238,613
DB0B0902244,613
DB0B0902237,613
DB0B0898863,613
DB0B0899277,613
DB0B0899294,613
DB0B0899285,613
DB0B0829593,614
bd0061gbm,615
DB0B0826293,430
DB0B0879267,430
DB0B0879279,430
DB0B0878306,430
VDICLDAPDCED064,616
DP000014010,617
DB0B0915635,618
DB0B0818745,619
DB0B0877733,620
DB0B0877733,621
DB0B0877733,622
DB0B0877733,623
DB0B0877733,624
DB0B0877733,625
DB0B0899293,620
DB0B0899293,621
DB0B0899293,622
DB0B0899293,623
DB0B0899293,624
DB0B0899293,625
DB0B0899085,620
DB0B0899085,621
DB0B0899085,622
DB0B0899085,623
DB0B0899085,624
DB0B0899085,625
DB0B0899044,620
DB0B0899044,621
DB0B0899044,622
DB0B0899044,623
DB0B0899044,624
DB0B0899044,625
PB0B0812661,626
PB0B0812661,627
DB0B0879277,628
PB0B0812661,629
PB0B0812661,630
PB0B0812661,631
PB0B0812661,632
PB0B0812661,633
PB0B0812661,646
PB0B0812661,634
PB0B0812661,635
PB0B0812661,636
PB0B0812661,637
PB0B0812661,638
DB0B0879277,639
PB0B0812661,640
PB0B0812661,641
PB0B0812661,642
PB0B0812661,643
PB0B0812661,644
PB0B0812661,645
DB0B0870302,626
DB0B0870302,627
DB0B0870302,628
DB0B0870302,629
DB0B0870302,630
DB0B0870302,631
DB0B0870302,632
DB0B0870302,633
DB0B0870302,646
DB0B0870302,634
DB0B0870302,635
DB0B0870302,636
DB0B0870302,637
DB0B0870302,638
DB0B0870302,639
DB0B0870302,640
DB0B0870302,641
DB0B0870302,642
DB0B0870302,643
DB0B0870302,644
DB0B0870302,645
PB0B0812661,626
PB0B0812661,627
PB0B0812661,628
PB0B0812661,629
PB0B0812661,630
PB0B0812661,631
PB0B0812661,632
PB0B0812661,633
PB0B0812661,646
PB0B0812661,634
PB0B0812661,635
PB0B0812661,636
PB0B0812661,637
PB0B0812661,638
PB0B0812661,639
PB0B0812661,640
PB0B0812661,641
PB0B0812661,642
PB0B0812661,643
PB0B0812661,644
PB0B0812661,645
DB0B0826548,647
DB0B0826548,648
DB0B0826548,649
DB0B0826548,650
DB0B0826548,651
DB0B0826548,652
DB0B0879263,647
DB0B0879263,648
DB0B0879263,649
DB0B0879263,650
DB0B0879263,651
DB0B0879263,652
RB0B0902662,653
RB0B0902662,654
RB0B0902662,655
RB0B0903157,478
RB0B0903157,479
RB0B0903157,480
RB0B0903157,481
DB0B0828754,115
DB0B0877733,657
DB0B0899293,657
DB0B0899085,657
DB0B0899044,657
DB0B0903122,657
DB0B0903122,621
DB0B0903122,620
DB0B0903122,625
DB0B0903122,622
DB0B0903122,623
DB0B0903122,624
RB0B0899286,660
RB0B0899286,661
RB0B0899286,662
RB0B0899286,663
RB0B0899286,664
RB0B0899286,665
RB0B0899286,666
RB0B0899286,667
DB0B0903455,735
DB0B0903455,299
PB0B0811852,668
PB0B0811852,669
PB0B0811852,670
PB0B0811852,671
PB0B0811852,672
PB0B0815939,395
PB0B0815939,295
DB0B0810208,328
DB0B0810208,336
DB0B0873828,336
DB0B0873828,337
DB0B0810259,336
DB0B0810259,337
DB0B0915541,328
DB0B0826490,336
DB0B0915541,337
DB0B0835526,336
DB0B0835526,337
DB0B0828851,337
DB0B0828851,336
DB0B0899253,658
DB0B0899253,659
DB0B0872123,658
DB0B0872123,659
DB0B0872135,658
DB0B0872135,659
DB0B0872165,658
DB0B0872165,659
DB0B0899055,658
DB0B0899055,659
RB0B0879133,674
DB0B0826295,674
DB0B0879262,675
DB0B0879262,676
DB0B0879262,677
DB0B0879273,675
DB0B0879273,676
DB0B0879273,677
DB0B0877741,675
DB0B0877741,676
DB0B0877741,677
DB0B0879223,675
DB0B0879223,676
DB0B0879223,677
PB0B0812661,626
PB0B0812661,627
PB0B0812661,628
PB0B0812661,629
PB0B0812661,630
PB0B0812661,631
PB0B0812661,632
PB0B0812661,633
PB0B0812661,634
PB0B0812661,635
PB0B0812661,636
PB0B0812661,637
PB0B0812661,638
PB0B0812661,639
PB0B0812661,640
PB0B0812661,641
PB0B0812661,642
PB0B0812661,643
PB0B0812661,644
PB0B0812661,645
PB0B0812661,646
dbp0083gbm,678
VDIBDRPA008,590
DB0B0809995,403
DB0B0903182,687
DB0B0903182,688
DB0B0903182,689
DB0B0903182,690
DB0B0899287,691
DB0B0899287,692
RB0F2531020,544
RB0B0903169,693
RB0B0903169,694
RB0B0903169,695
DB0B0902636,696
DB0B0902636,699
DB0B0902636,698
DB0B0902636,697
DB0B0902623,700
DB0B0902623,701
DB0B0903183,700
DB0B0903183,701
DB0B0902552,700
DB0B0902552,701
DB0B0879122,660
DB0B0879122,661
DB0B0879122,662
DB0B0879122,663
DB0B0879122,664
DB0B0879122,665
DB0B0879122,666
DB0B0879122,667
DB0B0879131,660
DB0B0879131,661
DB0B0879131,662
DB0B0879131,663
DB0B0879131,664
DB0B0879131,665
DB0B0879131,666
DB0B0879131,667
DB0B0877689,660
DB0B0877689,661
DB0B0877689,662
DB0B0877689,663
DB0B0877689,664
DB0B0877689,665
DB0B0877689,666
DB0B0877689,667
DB0B0903181,706
RB0B0903410,702
RB0B0903410,703
RB0B0903410,705
RB0B0903418,704
dbp0079gbm,707
DB0B0884576,708
VDIBDRPA008,708
RB0B0903154,130
RB0B0903154,131
RB0B0903154,132
DB0B0903154,418
RB0B0903170,130
RB0B0903170,131
RB0B0903170,132
DB0B0903170,418
DB0B0903199,130
DB0B0903199,131
DB0B0903199,132
DB0B0903199,418
RB0B0915604,130
RB0B0915604,131
RB0B0915604,132
DB0B0903110,418
DB0B0915699,709
DB0B0915699,710
DB0B0915539,711
DB0B0902426,712
DB0B0902426,713
DB0B0902426,714
DB0B0902426,715
DB0B0902426,716
DB0B0902569,255
DB0B0902569,256
DB0B0902569,257
DB0B0902569,258
DB0B0902569,259
DB0B0903183,717
DB0B0903183,718
VDICLDAPDCED054,729
DP000013963,729
RB0B0903418,730
DB0B0883114,731
DB0B0883114,734
DB0B0883114,732
DB0B0903455,733
PB0B0572069,734
PB0B0572069,735
DB0B0903455,736
DB0B0903455,737
RB0B0903443,719
RB0B0903443,720
RB0B0903443,721
DB0B0903443,722
RB0B0903443,723
RB0B0903443,724
RB0B0903443,725
RB0B0903443,726
RB0B0903443,727
RB0B0903443,728
RB0B0902631,719
RB0B0902631,720
RB0B0902631,721
RB0B0902631,722
RB0B0902631,723
RB0B0902631,724
RB0B0902631,725
RB0B0902631,726
RB0B0902631,727
RB0B0902631,728
RB0B0902635,719
RB0B0902635,720
DB0B0902635,721
DB0B0902635,722
RB0B0902635,723
RB0B0902635,724
RB0B0902635,725
RB0B0902635,726
RB0B0902635,727
RB0B0902635,728
RB0B0902561,719
RB0B0902561,720
DB0B0902561,721
DB0B0902561,722
DB0B0902561,723
DB0B0902561,724
RB0B0902561,725
RB0B0902561,726
RB0B0902561,727
RB0B0902561,728
RB0B0915576,459
RB0B0902624,459
RB0B0902630,459
RB0B0903166,717
RB0B0903166,718
DB0B0903100,717
DB0B0903100,718
DB0B0902611,738
RB0B0873676,217
DB0B0903443,739
DB0B0902631,739
DB0B0902635,739
DB0B0902561,739
DB0B0902613,133
DB0B0810532,133
PB0B0800276,133
DB0B0879225,742
DB0B0872147,742
PB0B0800275,742
DB0B0903397,742
DB0B0810529,742
DB0B0810537,742
DB0B0810537,742
RB0B0902613,742
DB0B0902422,742
DB0B0810532,742
PB0B0800276,742
DB0B0879225,741
DB0B0872147,741
PB0B0800275,741
DB0B0903397,741
DB0B0810529,741
DB0B0810537,741
DB0B0810537,741
RB0B0902613,741
DB0B0902422,741
DB0B0810532,741
PB0B0800276,741
DB0B0879225,740
DB0B0872147,740
PB0B0800275,740
DB0B0903397,740
DB0B0810529,740
DB0B0810537,740
DB0B0810537,740
RB0B0902613,740
DB0B0902422,740
DB0B0810532,740
PB0B0800276,740
PB0B0812656,743
PB0B0912671,743
DB0B0828690,743
DB0B0828701,743
DB0B0873796,743
PB0B0813126,743
DB0B0802125,743
DB0B0826301,743
DB0B0826301,743
DB0B0829946,743
PB0B0912671,167
DB0B0873796,167
PB0B0813126,167
DB0B0802125,167
DB0B0826301,167
DB0B0826301,167
DB0B0829946,167
PB0B0812656,168
DB0B0828690,168
RB0B0828701,168
DB0B0873796,168
PB0B0813126,168
RB0B0802125,168
RB0B0810291,168
DB0B0829249,168
RB0B0835712,168
DB0B0874341,419
DB0B0835518,419
DB0B0874331,419
DB0B0835509,419
DB0B0810473,419
DB0B0810471,419
DB0B0810475,419
DB0B0810447,419
DB0B0810476,419
DB0B0826556,419
DB0B0826523,419
DB0B0826546,419
DB0B0826526,419
DB0B0826540,419
DB0B0826560,419
DB0B0826557,419
DB0B0826559,419
DB0B0834177,419
DB0B0834163,419
DB0B0834178,419
DB0B0834198,419
DB0B0834193,419
DB0B0834185,419
DB0B0834197,419
DB0B0834219,419
DB0B0834184,419
DB0B0834218,419
DB0B0879233,419
DB0B0903167,419
DB0B0903109,419
DB0B0903205,419
DB0B0903118,419
DB0B0828830,419
DB0B0828679,419
DB0B0828835,419
DB0B0903154,419
DB0B0903170,419
DB0B0903199,419
DB0B0903110,419
PB0B0813177,419
DB0B0873795,419
RB0B0879233,130
RB0B0903167,130
RB0B0903109,130
RB0B0903205,130
RB0B0903118,130
RB0B0828830,130
RB0B0878307,130
RB0B0828835,130
RB0B0879233,131
DB0B0903167,131
RB0B0903109,131
RB0B0903205,131
RB0B0903118,131
RB0B0828830,131
DB0B0828679,131
RB0B0828835,131
RB0B0879233,132
DB0B0903167,132
RB0B0903109,132
RB0B0903205,132
DB0B0903118,132
RB0B0828830,132
DB0B0828679,132
DB0B0828835,132
DB0B0874341,418
DB0B0835518,418
DB0B0874331,418
DB0B0835509,418
DB0B0810473,418
DB0B0810471,418
DB0B0810475,418
DB0B0810447,418
DB0B0810476,418
DB0B0826546,418
DB0B0826526,418
DB0B0826540,418
DB0B0826560,418
DB0B0826557,418
DB0B0826559,418
DB0B0834177,418
DB0B0834163,418
DB0B0834178,418
DB0B0834198,418
DB0B0834193,418
DB0B0834185,418
DB0B0834197,418
DB0B0834219,418
DB0B0834184,418
DB0B0834218,418
DB0B0879233,418
DB0B0903167,418
DB0B0903109,418
DB0B0903205,418
DB0B0903118,418
DB0B0828830,418
DB0B0828679,418
DB0B0828835,418
PB0B0813177,418
DB0B0873795,418
DB0B0915681,744
DB0B0915681,745
DB0B0915681,746
DB0B0879087,747
DB0B0879087,748
RB0B0874341,749
DB0B0835518,749
DB0B0834197,749
DB0B0874331,749
DB0B0835509,749
RB0B0872161,749
RB0B0878356,749
RB0B0818685,749
RB0B0810447,749
RB0B0810476,749
RB0B0826556,749
RB0B0878307,749
RB0B0826546,749
RB0B0826526,749
DB0B0826540,749
RB0B0915570,749
DB0B0826557,749
DB0B0826559,749
DB0B0834177,749
RB0B0834163,749
RB0B0834178,749
RB0B0834198,749
RB0B0834193,749
DB0B0834185,749
RB0B0834197,749
RB0B0834219,749
DB0B0834184,749
RB0B0834218,749
DB0B0879233,749
DB0B0903167,749
DB0B0903109,749
DB0B0903205,749
DB0B0903118,749
DB0B0828830,749
DB0B0828679,749
DB0B0828835,749
DB0B0903154,749
DB0B0903170,749
DB0B0903199,749
DB0B0903110,749
PB0B0813177,749
DB0B0873795,749
db0b0902408,750
db0b0903411,750
RB0B0902566,750
db0b0902408,751
db0b0903411,751
RB0B0902566,751
db0b0902408,752
db0b0903411,752
RB0B0902566,752
DB0B0879125,753
DB0B0879125,754
DB0B0879125,755
DB0B0879125,756
DB0B0879125,757
DB0B0879125,758
DB0B0879125,759
DB0B0879125,760
DB0B0879228,753
DB0B0879228,754
DB0B0879228,755
DB0B0879228,756
DB0B0879228,757
DB0B0879228,758
DB0B0879228,759
DB0B0879228,760
DB0B0835529,761
DB0B0835529,762
DB0B0835529,763
DV0V0505097,499
PB0B0926797,764
DB0B0902571,250
RB0B0879107,483
RB0B0876493,484
RB0B0876493,482
RB0B0876493,485
RB0B0882462,484
RB0B0882462,482
RB0B0882462,483
PB0B0812659,765
PB0B0812659,766
VDICLDAPDCED035,767
RB0B0902667,768
RB0B0899268,769
DB0B0903036,771
DB0B0810383,771
DB0B0903036,772
DB0B0810383,772
DB0B0903036,773
DB0B0810383,773
PB0B0915390,774
PB0B0812661,775
RB0B0810377,59
RB0B0826376,59
RB0B0810041,59
RB0B0915644,1
RB0B0915593,1
DB0B0874354,245
DB0B0915553,3
PB0B0817453,3
dbp0079gbm,777
DF00F2520287,778
PB0B0572278,779
PB0B0572328,779
DB0B0826293,779
DB0B0879267,779
DB0B0879279,779
DB0B0878306,779
DB0L0869736,779
DB0B0802120,779
RB0L0869499,779
PB0B0572278,780
PB0B0572328,780
DB0B0826293,780
DB0B0879267,780
DB0B0879279,780
DB0B0878306,780
DB0L0869736,780
DB0B0802120,780
RB0L0869499,780
PB0B0572278,781
PB0B0572328,781
DB0B0826293,781
DB0B0879267,781
DB0B0879279,781
DB0B0878306,781
DB0L0869736,781
DB0B0802120,781
RB0L0869499,781
PB0B0572278,38
PB0B0572328,38
DB0B0826293,38
DB0B0879267,38
DB0B0879279,38
DB0B0878306,38
DB0L0869736,38
DB0B0802120,38
RB0L0869499,38
DB0B0902619,782
DB0B0902619,783
DB0B0902380,782
DB0B0902619,783
DB0L0866847,784
RB0B0878344,785
RB0B0878344,786
RB0B0878344,787
RB0B0915655,788
RB0B0876641,788
RB0B0902383,788
RB0B0902626,788
RB0B0879125,788
RB0B0875992,788
RB0B0915655,789
RB0B0876641,789
RB0B0902383,789
RB0B0902626,789
RB0B0879125,789
RB0B0875992,789
RB0B0915655,790
RB0B0876641,790
RB0B0902383,790
RB0B0902626,790
RB0B0879125,790
DB0B0902559,790
RB0B0915655,791
RB0B0876641,791
RB0B0902383,791
RB0B0902626,791
RB0B0879125,791
RB0B0875992,791
RB0B0902389,792
RB0B0903111,792
RB0B0903285,792
RB0B0902389,793
RB0B0903111,793
RB0B0903285,793
DB0B0902389,794
DB0B0903111,794
RB0B0903285,794
DB0B0902389,795
DB0B0903111,795
RB0B0903285,795
DB0B0902389,796
DB0B0903111,796
RB0B0903285,796
DB0B0898899,797
RB0B0898899,797
RB0B0835348,797
DB0B0902424,797
VDICLDAPDCED023,301
VDICLDAPDCED024,301
VDICLDAPDCED025,301
VDICLDAPDCED026,301
VDICLDAPDCED027,301
VDICLDAPDCED028,301
VDICLDAPDCED029,301
VDICLDAPDCED030,301
DB0B0875588,798
DB0B0810047,799
DB0B0902387,800
DB0B0902387,801
DB0B0902387,802
DB0B0902387,803
DB0B0902387,804
DB0B0902387,805
DB0B0903273,800
DB0B0903273,801
DB0B0903273,802
DB0B0903273,803
DB0B0903273,804
DB0B0903273,805
DBB0B0877698,806
DBB0B0877698,807
DBB0B0877698,808
RB0B0903120,811
DB0B0810503,812
RB0B0903131,811
VDICLDAPDCED021,301
VDICLDAPDCED022,301
DB0B0810383,814
DB0B0810383,815
RB0B0898854,773
RB0B0903142,773
RB0B0898853,773
RB0B0915708,814
RB0B0915708,815
DB0B0882926,816
DB0B0882926,817
RB0B0810036,818
RB0B0810036,819
RB0B0810036,820
RB0B0810036,821
RB0B0810036,822
RB0B0810036,823
RB0B0810036,824
RB0B0810036,825
RB0B0810036,826
DB0B0878294,827
DB0B0829250,827
DB0B0879268,827
DB0B0879121,827
RB0B0872129,827
DB0B0902634,828
DB0B0902634,828
DB0B0902634,829
DB0B0902634,829
RB0B0903194,830
DB0B0902634,830
RB0B0899268,831
DB0L0875591,832
DB0B0877673,832
DB0L0875591,833
DB0B0877673,833
DB0L0875591,834
DB0L0875591,834
DB0L0875591,835
DB0B0877673,835
PB0B0813146,229
DB0B0903155,836
DB0B0903155,837
DB0B0903155,838
DB0B0903155,839
DB0B0898887,840
DB0B0898887,841
DB0B0898887,842
DB0B0903107,843
DB0B0903107,844
DB0B0903107,845
DB0l0856158,846
PB0B0564960,847
PB0B0564960,848
PB0B0564960,849
PB0B0564960,850
PB0B0564960,852
PB0B0564960,851
RB0B0903098,853
RB0B0903098,854
RB0B0903098,855
DB0B0903098,853
DB0B0903098,854
DB0B0903098,855
RB0B0899252,856
RB0B0899252,857
RB0B0899252,858
RB0B0879128,859
RB0B0903203,860
RB0B0903203,861
RB0B0903203,862
RB0B0903203,863
RB0B0826511,792
RB0B0826511,793
DB0B0826511,794
DB0B0826511,795
DB0B0826511,796
DB0B0899248,864
DB0B0899248,865
DB0B0899248,866
DB0B0899248,867
DB0B0872093,868
DB0B0872093,869
RB0B0879670,870
RB0B0879670,871
RB0B0879670,872
RB0B0879670,873
RB0B0879670,874
RB0B0879670,875
RB0B0879670,876
DB0B0879670,877
RB0B0826548,870
RB0B0826548,871
RB0B0826548,872
RB0B0826548,873
RB0B0826548,874
RB0B0826548,875
RB0B0826548,876
DB0B0826548,877
DB0B0877740,800
DB0B0877740,801
DB0B0877740,802
DB0B0877740,803
DB0B0877740,804
DB0B0877740,805
DB0B0802217,878
DB0B0802217,879
RB0B0873833,881
RB0B0873833,882
RB0B0873833,883
RB0B0873833,884
DB0B0902388,880
DB0B0902388,881
DB0B0902388,882
DB0B0902388,883
DB0B0902388,884
RB0B0903143,891
RB0B0903143,892
RB0B0903143,893
RB0B0903143,894
RB0B0903143,895
RB0B0898851,891
RB0B0898851,892
RB0B0898851,893
RB0B0898851,894
RB0B0898851,895
DB0B0902619,896
DB0B0902619,897
DB0B0902619,898
DB0B0902619,899
DB0B0902619,900
DB0B0902380,896
DB0B0902380,897
DB0B0902380,898
DB0B0902380,899
DB0B0902380,900
DB0B0882926,901
DB0B0882926,902
RB0B0903131,812
RB0B0903131,903
RB0B0903131,904
RB0B0903131,813
RB0B0903120,812
RB0B0903120,903
RB0B0903120,904
RB0B0903120,813
RB0B0915697,811
RB0B0915697,812
RB0B0915697,903
RB0B0915697,904
RB0B0915697,813
RB0B0902420,811
RB0B0902420,812
RB0B0902420,903
RB0B0902420,904
RB0B0902420,813
DB0B0810503,812
DB0B0810503,812
DB0B0810503,903
DB0B0810503,813
DB0B0898861,109
DB0B0810091,213
DB0B0884764,905
RB0B0873833,906
RB0B0873833,907
RB0B0873833,908
RB0B0873833,909
RB0B0873833,910
RB0B0873833,911
RB0B0873833,912
RB0B0873833,913
DB0B0902388,906
DB0B0902388,907
DB0B0902388,908
DB0B0902388,909
DB0B0902388,910
DB0B0902388,911
DB0B0902388,912
DB0B0902388,913
DB0B0826524,906
DB0B0826524,907
DB0B0826524,908
DB0B0826524,909
DB0B0826524,910
DB0B0826524,911
DB0B0826524,912
DB0B0826524,913
DB0B0902649,5
DB0B0902367,5
DB0B0902649,356
DB0B0902649,357
DB0B0902649,358
DB0B0902649,359
DB0B0874348,356
DB0B0874348,357
DB0B0874348,358
DB0B0874348,359
PB0B0900449,185
PB0B0813054,185
RB0B0826138,914
DB0B0899288,915
DB0B0899288,916
DB0B0899288,917
DB0B0899288,918
DB0B0899288,919
DB0B0899288,920
DB0B0899288,921
DB0B0899288,922
DB0B0899288,923
DB0B0899288,924
DB0B0899288,925
DB0B0899288,926
DB0B0898897,915
DB0B0898897,916
DB0B0898897,917
DB0B0898897,918
DB0B0898897,919
DB0B0898897,920
DB0B0898897,921
DB0B0898897,922
DB0B0898897,923
DB0B0898897,924
DB0B0898897,925
DB0B0898897,926
DB0B0903097,915
DB0B0903097,916
DB0B0903097,917
DB0B0903097,918
DB0B0903097,919
DB0B0903097,920
DB0B0903097,921
DB0B0903097,922
DB0B0903097,923
DB0B0903097,924
DB0B0903097,925
DB0B0903097,926
DB0B0826351,800
DB0B0826351,801
DB0B0826351,802
DB0B0826351,803
DB0B0826351,804
DB0B0826351,805
DB0B0810022,800
DB0B0810022,801
DB0B0810022,802
DB0B0810022,803
DB0B0810022,804
DB0B0810022,805
VDICLDAPDCED035,927
DB0B0810089,743
RB0B0810089,167
RB0B0810089,168
DB0B0818745,928
DV0V0505900,929
DB0B0818699,930
DB0B0818699,931
DB0B0830084,930
DB0B0830084,931
DB0B0872120,932
DB0B0872120,933
RB0B0873820,809
DB0B0915701,810
RB0B0879269,934
DB0B0879269,935
RB0B0879269,936
RB0B0899292,937
DB0B0872122,938
DB0B0872122,940
RB0B0879124,939
DB0B0879227,941
DB0B0879227,942
DB0B0879227,943
DB0B0879227,944
DB0B0902366,941
DB0B0902366,942
DB0B0902366,943
DB0B0902366,944
DB0B0826263,945
DB0B0826263,946
DB0B0826263,947
DB0B0826263,948
DB0B0860667,949
RB0B0882962,168
DB0B0882962,743
RB0B0882962,167
RB0B0882952,167
RB0B0882952,168
DB0B0882952,743
RB0B0882953,167
RB0B0882953,168
DB0B0882953,743
VDICLDAPDCED039,950
VDICLDAPDCED039,951
VDICLDAPDCED039,952
VDICLDAPDCED039,953
VDICLDAPDCED039,954
VDICLDAPDCED039,955
VDICLDAPDCED039,956
DB0B0810209,957
DB0B0810209,958
DB0B0810209,959
DB0B0810209,960
DB0B0810209,961
DB0B0834176,957
DB0B0834176,958
DB0B0834176,959
DB0B0834176,960
DB0B0834176,961
RB0F2531020,697
DF0F2531020,700
DF0F2531020,701
DB0B0899057,697
DB0B0899057,696
DB0B0899057,698
DB0B0899269,697
DB0B0899269,700
DB0B0899269,701
DB0B0903133,700
DB0B0903133,697
DB0B0903133,701
DB0B0810505,700
DB0B0810505,697
DB0B0810505,701
DB0B0899057,699
DB0B0872121,962
DB0B0872121,963
VDICLDAPDCED039,964
VDICLDAPDCED039,965
VDICLDAPDCED039,966
VDICLDAPDCED039,967
VDICLDAPDCED059,968
DB0B0903471,809
RB0B0879269,809
DB0B0899292,809
DB0B0872122,809
RB0B0879124,809
RB0B0873820,810
RB0B0879269,810
RB0B0899292,810
RB0B0879075,810
RB0B0879124,810
RB0B0873820,934
DB0B0903471,934
RB0B0899292,934
RB0B0879075,934
RB0B0879124,934
RB0B0873820,935
DB0B0915701,935
RB0B0899292,935
RB0B0879075,935
RB0B0879124,935
DB0B0899292,936
DB0B0903471,936
DB0B0899292,936
DB0B0872122,936
RB0B0879124,936
DB0B0899292,937
DB0B0915701,937
RB0B0879269,937
RB0B0879075,937
RB0B0879124,937
DB0B0899292,938
DB0B0915701,938
DB0B0879269,938
DB0B0899292,938
DB0B0879124,938
DB0B0899292,940
DB0B0903471,940
RB0B0879269,940
DB0B0899292,940
RB0B0879124,940
DB0B0899292,939
DB0B0903471,939
DB0B0879269,939
RB0B0899292,939
DB0B0872122,939
DB0B0810140,969
DB0B0810140,970
DB0B0810140,971
DB0B0826403,969
DB0B0826403,970
DB0B0826403,971
DB0B0826652,969
DB0B0826652,970
DB0B0826652,971
DB0B0826158,969
DB0B0826158,970
DB0B0826158,971
RB0B0903108,972
RB0B0903108,973
RB0B0903108,974
RB0B0903108,975
RB0B0903108,976
RB0B0903108,977
RB0B0903108,978
RB0B0903108,979
RB0B0903108,980
RB0B0903108,981
RB0B0903158,972
RB0B0903158,973
RB0B0903158,974
RB0B0903158,975
RB0B0903158,976
RB0B0903158,977
RB0B0903158,978
RB0B0903158,979
RB0B0903158,980
RB0B0903158,981
DB0B0879269,972
DB0B0879269,973
DB0B0879269,974
DB0B0879269,975
DB0B0879269,976
DB0B0879269,977
DB0B0879269,978
DB0B0879269,979
DB0B0879269,980
DB0B0879269,981
RB0B0899248,891
RB0B0899248,892
RB0B0899248,893
RB0B0899248,894
RB0B0899248,895
RB0B0879131,982
RB0B0879131,983
RB0B0879131,984
DB0B0879131,985
RB0B0879131,986
RB0B0879131,987
RB0B0879131,988
RB0B0879131,989
RB0B0879131,990
RB0B0879131,991
RB0B0879131,992
RB0B0879131,993
DB0B0877689,982
DB0B0877689,983
DB0B0877689,984
DB0B0877689,985
DB0B0877689,986
DB0B0877689,987
DB0B0877689,988
DB0B0877689,989
DB0B0877689,990
DB0B0877689,991
DB0B0877689,992
DB0B0877689,993
DB0B0874352,994
DB0B0810032,995
DB0B0810032,996
DB0B0810032,997
DB0B0810032,998
DB0B0810030,995
DB0B0810030,996
DB0B0810030,997
DB0B0810030,998
,995
DB0B0826352,996
,997
DB0B0826352,998
DB0B0872108,999
DB0B0872108,1000
DB0B0915689,1001
DB0B0878271,1003
DB0B0826657,1002
DB0B0915689,1004
DB0B0826657,1005
PB0B0877466,1006
DB0B0898902,1007
DB0B0826530,1008
DB0B0826530,1009
DB0B0810135,1014
DB0B0810135,1015
DB0B0810135,1016
DB0B0810135,1017
DB0B0810135,1018
DB0B0826677,1014
DB0B0826677,1015
DB0B0826677,1016
DB0B0826677,1017
DB0B0826677,1018
DB0B0826405,1014
DB0B0826405,1015
DB0B0826405,1016
DB0B0826405,1017
DB0B0826405,1018
DB0B0810391,1014
DB0B0810391,1015
DB0B0810391,1016
DB0B0810391,1017
DB0B0810391,1018
DB0B0828818,1010
DB0B0828818,1011
DB0B0828818,1012
DB0B0828818,1013
RB0B0898864,1019
RB0B0898864,1020
RB0B0898864,1021
RB0B0898864,1022
RB0B0898864,1023
RB0B0898864,1024
RB0B0898864,1025
RB0B0898864,1026
RB0B0898864,1027
RB0B0873903,1028
RB0B0873903,1029
DB0B0826309,1030
RB0B0873903,1031
RB0B0873903,1032
RB0B0873903,1033
RB0B0873903,1034
RB0B0873903,1035
RB0B0873903,1036
RB0B0873903,1037
RB0B0873903,1038
RB0B0873903,1039
RB0B0873903,1040
RB0B0873903,1041
RB0B0873903,1042
RB0B0873903,1043
RB0B0873903,1044
RB0B0873903,1045
RB0B0873903,1046
RB0B0873903,1047
RB0B0873903,1048
RB0B0873903,1049
RB0B0873903,1050
RB0B0873903,1051
RB0B0873903,1052
DB0B0826309,1053
DB0B0826309,1054
RB0B0873903,1055
RB0B0873903,1056
RB0B0810004,1028
RB0B0810004,1029
RB0B0810004,1030
RB0B0810004,1031
RB0B0810004,1032
RB0B0810004,1033
RB0B0810004,1034
RB0B0810004,1035
RB0B0810004,1036
RB0B0810004,1037
RB0B0810004,1038
RB0B0810004,1039
RB0B0810004,1040
DB0B0810004,1041
RB0B0810004,1042
DB0B0810004,1043
DB0B0810004,1044
DB0B0810004,1045
RB0B0810004,1046
RB0B0810004,1047
RB0B0810004,1048
RB0B0810004,1049
RB0B0810004,1050
RB0B0810004,1051
RB0B0810004,1052
RB0B0810004,1053
RB0B0810004,1054
RB0B0810004,1055
RB0B0810004,1056
RB0B0903622,1028
RB0B0903622,1029
RB0B0903622,1030
RB0B0903622,1031
RB0B0903622,1032
RB0B0903622,1033
RB0B0903622,1034
RB0B0903622,1035
RB0B0903622,1036
RB0B0903622,1037
RB0B0903622,1038
RB0B0903622,1039
RB0B0903622,1040
RB0B0903622,1041
RB0B0903622,1042
RB0B0903622,1043
RB0B0903622,1044
RB0B0903622,1045
RB0B0903622,1046
RB0B0903622,1047
RB0B0903622,1048
RB0B0903622,1049
RB0B0903622,1050
RB0B0903622,1051
RB0B0903622,1052
RB0B0903622,1053
RB0B0903622,1054
RB0B0903622,1055
RB0B0903622,1056
RB0B0828781,1028
RB0B0828781,1029
RB0B0828781,1030
RB0B0828781,1031
RB0B0828781,1032
RB0B0828781,1033
RB0B0828781,1034
RB0B0828781,1035
RB0B0828781,1036
RB0B0828781,1037
RB0B0828781,1038
RB0B0828781,1039
RB0B0828781,1040
RB0B0828781,1041
RB0B0828781,1042
DB0B0828781,1043
RB0B0828781,1044
RB0B0828781,1045
RB0B0828781,1046
RB0B0828781,1047
RB0B0828781,1048
RB0B0828781,1049
RB0B0828781,1050
RB0B0828781,1051
RB0B0828781,1052
RB0B0828781,1053
RB0B0828781,1054
RB0B0828781,1055
RB0B0828781,1056
RB0B0872177,1028
RB0B0872177,1029
RB0B0872177,1030
RB0B0872177,1031
RB0B0872177,1032
RB0B0872177,1033
RB0B0872177,1034
RB0B0872177,1035
RB0B0872177,1036
RB0B0872177,1037
RB0B0872177,1038
RB0B0872177,1039
RB0B0872177,1040
RB0B0872177,1041
RB0B0872177,1042
DB0B0872177,1043
RB0B0872177,1044
RB0B0872177,1045
RB0B0872177,1046
RB0B0872177,1047
RB0B0872177,1048
RB0B0872177,1049
RB0B0872177,1050
RB0B0872177,1051
RB0B0872177,1052
RB0B0872177,1053
RB0B0872177,1054
RB0B0872177,1055
RB0B0872177,1056
RB0B0872125,1028
RB0B0872125,1029
RB0B0872125,1030
RB0B0872125,1031
RB0B0872125,1032
RB0B0872125,1033
RB0B0872125,1034
RB0B0872125,1035
DB0B0872125,1036
DB0B0872125,1037
DB0B0872125,1038
DB0B0872125,1039
DB0B0872125,1040
DB0B0872125,1041
DB0B0872125,1042
DB0B0872125,1043
DB0B0872125,1044
DB0B0872125,1045
RB0B0872125,1046
RB0B0872125,1047
RB0B0872125,1048
RB0B0872125,1049
RB0B0872125,1050
RB0B0872125,1051
RB0B0872125,1052
RB0B0872125,1053
RB0B0872125,1054
RB0B0872125,1055
RB0B0872125,1056
RB0B0872172,1028
RB0B0872172,1029
RB0B0872172,1030
RB0B0872172,1031
RB0B0872172,1032
RB0B0872172,1033
RB0B0872172,1034
RB0B0872172,1035
RB0B0872172,1036
RB0B0872172,1037
RB0B0872172,1038
RB0B0872172,1039
RB0B0872172,1040
RB0B0872172,1041
RB0B0872172,1042
RB0B0872172,1043
RB0B0872172,1044
RB0B0872172,1045
RB0B0872172,1046
RB0B0872172,1047
RB0B0872172,1048
RB0B0872172,1049
RB0B0872172,1050
RB0B0872172,1051
RB0B0872172,1052
RB0B0872172,1053
RB0B0872172,1054
RB0B0872172,1055
RB0B0872172,1056
RB0B0876536,1028
RB0B0876536,1029
RB0B0876536,1030
RB0B0876536,1031
RB0B0876536,1032
RB0B0876536,1033
RB0B0876536,1034
RB0B0876536,1035
RB0B0876536,1036
RB0B0876536,1037
RB0B0876536,1038
RB0B0876536,1039
RB0B0876536,1040
RB0B0876536,1041
RB0B0876536,1042
RB0B0876536,1043
RB0B0876536,1044
RB0B0876536,1045
RB0B0876536,1046
RB0B0876536,1047
RB0B0876536,1048
RB0B0876536,1049
RB0B0876536,1050
RB0B0876536,1051
RB0B0876536,1052
RB0B0876536,1053
RB0B0876536,1054
RB0B0876536,1055
RB0B0876536,1056
DB0B0902958,1057
DB0L0862502,1057
DB0B0876836,1058
DB0B0826165,1059
DB0B0826165,1060
DB0B0826165,1061
DB0B0826165,1062
DB0B0826165,1063
DB0B0826165,1064
DB0B0826165,1065
RB0B0902415,972
RB0B0902415,973
RB0B0902415,974
DB0B0902415,975
RB0B0902415,976
DB0B0902415,977
DB0B0902415,978
RB0B0902415,979
RB0B0902415,980
RB0B0902415,981
RB0B0826442,972
RB0B0826442,973
RB0B0826442,974
RB0B0826442,975
RB0B0826442,976
DB0B0826442,977
DB0B0826442,978
RB0B0826442,979
RB0B0826442,980
RB0B0826442,981
DB0B0826219,809
RB0B0826219,810
RB0B0826219,934
RB0B0826219,935
DB0B0826219,936
RB0B0826219,937
DB0B0826219,938
DB0B0826219,939
RB0B0826219,940
DB0B0879130,809
RB0B0879130,810
RB0B0879130,934
RB0B0879130,935
DB0B0879130,936
RB0B0879130,937
DB0B0879130,938
DB0B0879130,939
DB0B0879130,940
DB0B0830115,809
RB0B0830115,810
RB0B0830115,934
RB0B0830115,935
DB0B0830115,936
RB0B0830115,937
DB0B0830115,938
RB0B0830115,939
DB0B0830115,940
DB0B0834179,945
DB0B0834179,946
DB0B0834179,947
DB0B0834179,948
DB0B0809989,945
DB0B0809989,946
DB0B0809989,947
DB0B0809989,948
RB0B0874349,1069
RB0B0874349,1066
RB0B0874349,1067
RB0B0874349,1068
RB0B0828694,1069
RB0B0828694,1066
RB0B0828694,1067
RB0B0828694,1068
RB0B0826531,459
RB0B0826435,459
RB0B0809923,459
RB0B0899057,459
DB0B0872166,1070
DB0B0872166,1071
DB0B0872166,1072
DB0B0872166,1073
DB0B0872166,1074
DB0B0810135,1076
DB0B0810135,1077
DB0B0826677,1075
DB0B0826677,1076
DB0B0826677,1077
DB0B0826405,1075
DB0B0826405,1076
DB0B0826405,1077
DB0B0810391,1075
DB0B0810391,1076
DB0B0810391,1077
RB0B0810181,276
RB0B0810181,277
RB0F2531020,510
RB0F2531020,512
RB0F2531020,513
RB0F2531020,514
RB0F2531020,515
RB0B0810202,510
RB0B0810202,512
RB0B0810202,513
RB0B0810202,514
RB0B0810202,515
RB0B0899269,548
RB0B0899269,549
DB0B0899269,1078
RB0B0902236,1078
RB0B0903173,1078
DB0B0903180,1078
DB0B0810135,1075
DB0B0903408,1079
DB0B0903408,1080
DB0B0903408,1081
DB0B0903408,1082
DB0B0903408,1083
DB0B0903408,1084
DB0B0915700,1079
DB0B0915700,1080
DB0B0915700,1081
DB0B0915700,1082
DB0B0915700,1083
DB0B0915700,1084
DB0B0898983,1065
DB0B0879273,1085
DB0B0902556,1086
DB0B0902556,1087
DB0B0902556,1088
DB0B0903394,1086
DB0B0903394,1087
DB0B0903394,1088
DB0B0902572,1086
DB0B0902572,1087
DB0B0902572,1088
DB0B0902572,1086
DB0B0902609,1087
DB0B0902609,1088
DB0B0902572,1086
DB0B0902572,1087
DB0B0902572,1088
RB0B0902614,1089
RB0B0902614,1090
RB0B0902614,1091
RB0B0902614,1092
RB0B0902614,1093
RB0B0902614,1094
RB0B0902614,1095
RB0B0902614,1096
RB0B0902614,1097
RB0B0902614,1098
RB0B0902614,1099
RB0B0902614,1100
RB0B0902614,1101
DB0B0899273,1089
DB0B0899273,1090
DB0B0899273,1091
DB0B0899273,1092
DB0B0899273,1093
DB0B0899273,1094
DB0B0899273,1095
DB0B0899273,1096
DB0B0899273,1097
DB0B0899273,1098
DB0B0899273,1099
DB0B0899273,1100
DB0B0899273,1101
RB0B0879281,1089
DB0B0879281,1090
RB0B0879281,1091
RB0B0879281,1092
RB0B0879281,1093
DB0B0879281,1094
DB0B0879281,1095
RB0B0879281,1096
RB0B0879281,1097
DB0B0879281,1098
DB0B0879281,1099
RB0B0879281,1100
DB0B0879281,1101
DB0B0835516,1089
DB0B0835516,1090
DB0B0835516,1091
DB0B0835516,1092
DB0B0835516,1093
DB0B0835516,1094
DB0B0835516,1095
DB0B0835516,1096
DB0B0835516,1097
DB0B0835516,1098
DB0B0835516,1099
DB0B0835516,1100
DB0B0835516,1101
DB0B0813279,995
DB0B0813279,996
DB0B0813279,997
DB0B0813279,998
DB0B0809877,995
DB0B0809877,996
DB0B0809877,997
DB0B0809877,998
DB0B0810032,1102
DB0B0810030,1102
DB0B0826352,1102
DB0B0813279,1102
DB0B0809877,1102
DB0B0810032,1103
DB0B0810030,1103
DB0B0826352,1103
DB0B0813279,1103
DB0B0809877,1103
DB0B0826148,1104
DB0B0826148,1105
DB0B0826148,1106
DB0B0826148,1107
DB0B0899304,1108
DB0B0899304,1109
DB0B0899304,1110
DB0B0826468,1111
DB0B0878947,1112
DB0B0878947,1113
RB0B0826553,606
RB0B0826553,607
RB0B0826553,608
RB0B0826553,609
RB0B0826553,610
RB0B0826553,611
RB0B0826180,1114
RB0B0826180,1115
RB0B0826180,1116
RB0B0826180,1117
DB0B0826180,1118
RB0B0826180,1119
RB0B0915690,1114
RB0B0915690,1115
RB0B0915690,1116
RB0B0915690,1117
DB0B0903172,1118
RB0B0915690,1119
RB0B0915672,172
RB0B0828847,276
RB0B0915516,276
RB0B0899260,276
RB0B0828668,277
RB0B0898885,1120
RB0B0898885,1121
RB0B0898885,1122
RB0B0898885,1123
RB0B0898885,1124
RB0B0899297,1120
RB0B0899297,1121
RB0B0899297,1122
RB0B0899297,1123
RB0B0899297,1124
RB0B0899039,1120
RB0B0899039,1121
RB0B0899039,1122
RB0B0899039,1123
RB0B0899039,1124
DB0B0899274,1125
DB0B0899274,1126
DB0B0899274,1127
DB0B0899274,1128
DB0B0875947,1129
DB0B0875948,1129
RB0B0874347,1130
DB0B0902955,1133
DV0V0506031,1133
RB0B0915565,1134
RB0B0915565,1135
RB0B0915565,1136
RB0B0915565,1137
DB0B0915698,1114
DB0B0915698,1115
DB0B0915698,1116
DB0B0915698,1117
DB0B0915698,1118
DB0B0915698,1119
PB0B0812656,1138
PB0B0912671,1138
DB0B0828690,1138
DB0B0828701,1138
DB0B0873796,1138
DB0B0810089,1138
DB0B0882962,1138
DB0B0882952,1138
DB0B0882953,1138
DB0B0915674,1138
DB0B0915709,1138
PB0B0872178,1138
DB0L0858169,1138
DB0L0860443,1138
PB0B0812656,1139
PB0B0812671,1139
DB0B0828690,1139
RB0B0828701,1139
DB0B0873796,1139
RB0B0810089,1139
RB0B0882962,1139
RB0B0882952,1139
RB0B0882953,1139
RB0B0915674,1139
RB0B0915709,1139
RB0B0872178,1139
RB0L0858169,1139
RB0L0860443,1139
PB0B0812656,1140
PB0B0812671,1140
DB0B0828690,1140
RB0B0828701,1140
DB0B0873796,1140
RB0B0810089,1140
RB0B0882962,1140
RB0B0882952,1140
RB0B0882953,1140
RB0B0915674,1140
RB0B0915709,1140
RB0B0872178,1140
RB0L0858169,1140
RB0B0915630,1140
PB0B0812656,1141
PB0B0912671,1141
DB0B0828690,1141
DB0B0828701,1141
DB0B0873796,1141
DB0B0810089,1141
DB0B0882962,1141
DB0B0882952,1141
DB0B0882953,1141
DB0B0915674,1141
DB0B0915709,1141
PB0B0872178,1141
DB0L0858169,1141
DB0L0860443,1141
PB0B0812656,1142
PB0B0812671,1142
DB0B0828690,1142
DB0B0828701,1142
DB0B0873796,1142
DB0B0810089,1142
DB0B0882962,1142
DB0B0882952,1142
DB0B0882953,1142
DB0B0915674,1142
RB0B0915709,1142
PB0B0872178,1142
DB0L0858169,1142
RB0L0860443,1142
PB0B0812656,1143
PB0B0912671,1143
DB0B0828690,1143
DB0B0828701,1143
DB0B0873796,1143
RB0B0810089,1143
DB0B0882962,1143
DB0B0882952,1143
DB0B0882953,1143
RB0B0915674,1143
DB0B0915709,1143
PB0B0872178,1143
DB0L0858169,1143
DB0L0860443,1143
DB0B0899274,1144
DB0B0877699,1145
DB0B0828852,1145
DB0B0915657,1145
RB0B0877699,1146
DB0B0828852,1146
DB0B0915657,1146
RB0B0877699,1147
DB0B0828852,1147
DB0B0915657,1147
DB0B0915656,1148
DB0B0915656,1149
DB0B0915656,1150
DB0B0915656,1151
